playlistName,danceability,energy,key,loudness,speechiness,acousticness,instrumentalness,liveness,valence,tempo
1,0.566,0.366,7,-12.808,0.028,0.113,0.181,0.155,0.237,129.959
1,0.54,0.381,7,-14.323,0.0347,0.0217,0.000687,0.305,0.343,155.882
1,0.384,0.765,6,-4.463,0.0579,0.646,0.00352,0.522,0.567,129.903
1,0.652,0.557,1,-5.714,0.0318,0.74,0.0,0.124,0.483,150.073
1,0.469,0.08,2,-15.489,0.0425,0.897,4.22e-05,0.112,0.206,101.238
1,0.565,0.242,2,-8.367,0.0318,0.762,9.3e-06,0.285,0.237,81.657
1,0.533,0.84,9,-5.283,0.167,0.234,0.0,0.114,0.361,116.882
1,0.509,0.538,7,-7.335,0.0572,0.385,0.0,0.104,0.244,75.089
1,0.511,0.566,6,-7.23,0.2,0.349,0.0,0.34,0.218,83.903
1,0.785,0.431,10,-8.756,0.0364,0.123,0.0,0.0887,0.236,127.085
1,0.708,0.186,9,-8.953,0.042,0.868,0.0,0.0779,0.322,72.541
1,0.421,0.407,10,-7.445,0.0267,0.309,0.000961,0.11,0.161,139.028
1,0.56,0.674,10,-6.048,0.0446,0.698,0.0,0.123,0.421,119.942
1,0.378,0.388,10,-9.017,0.036,0.472,0.0,0.157,0.188,72.293
1,0.507,0.204,0,-11.575,0.0504,0.855,0.0,0.143,0.343,77.765
1,0.422,0.302,11,-9.214,0.0372,0.629,7.83e-05,0.104,0.123,114.089
1,0.445,0.537,4,-8.532,0.04,0.695,1.65e-05,0.0944,0.131,122.769
1,0.612,0.807,10,-2.81,0.0336,0.0495,0.0177,0.101,0.398,124.053
1,0.464,0.701,6,-5.693,0.0411,0.00892,0.309,0.335,0.356,83.996
1,0.245,0.64,2,-7.426,0.0608,0.131,8.11e-06,0.0766,0.105,135.739
1,0.581,0.656,4,-4.891,0.0294,0.00269,2.78e-06,0.101,0.338,108.033
1,0.568,0.569,7,-6.013,0.0329,0.0004,0.102,0.342,0.266,72.991
1,0.353,0.686,7,-5.704,0.0534,0.00216,0.0,0.123,0.177,94.47
1,0.716,0.512,1,-6.257,0.0331,0.483,0.0,0.0928,0.326,104.957
1,0.357,0.425,5,-7.301,0.0333,0.584,0.0,0.322,0.27,102.078
1,0.778,0.422,0,-10.114,0.0482,0.921,0.00924,0.0958,0.187,120.033
1,0.628,0.878,9,-3.468,0.0901,0.00196,1.23e-05,0.0649,0.796,129.976
1,0.443,0.298,0,-12.181,0.0644,0.388,1e-05,0.103,0.172,77.253
1,0.629,0.328,11,-8.284,0.029,0.768,2.5e-05,0.103,0.389,74.953
1,0.376,0.43,0,-6.585,0.0328,0.0902,0.0,0.0912,0.129,77.599
1,0.38,0.339,3,-7.885,0.0338,0.691,0.0,0.12,0.0849,100.607
1,0.537,0.413,7,-7.736,0.0319,0.346,0.0,0.12,0.226,133.21
1,0.545,0.968,9,-3.553,0.0853,0.0387,0.00325,0.331,0.527,169.965
1,0.681,0.292,11,-9.599,0.0483,0.743,0.0,0.0974,0.162,64.002
1,0.576,0.478,4,-8.276,0.0261,0.498,5.68e-05,0.124,0.266,132.028
1,0.395,0.443,6,-9.72,0.133,0.765,9.67e-06,0.0839,0.338,168.924
1,0.539,0.508,10,-6.05,0.0288,0.727,0.0,0.174,0.227,101.358
1,0.585,0.436,10,-8.761,0.0601,0.721,1.31e-05,0.105,0.132,143.874
1,0.508,0.43,2,-9.475,0.0335,0.83,0.000441,0.093,0.324,130.09
1,0.511,0.532,5,-5.745,0.056,0.169,0.0,0.311,0.322,137.827
1,0.387,0.135,7,-14.398,0.051,0.929,0.0,0.0948,0.21,82.987
1,0.421,0.131,0,-18.435,0.0382,0.952,0.00453,0.109,0.12,137.446
1,0.614,0.318,7,-12.695,0.0478,0.896,0.00239,0.0795,0.112,119.959
1,0.546,0.846,5,-5.719,0.181,0.0135,0.0,0.607,0.74,162.043
1,0.571,0.544,6,-10.613,0.0299,0.453,0.00805,0.322,0.216,132.052
1,0.416,0.0725,2,-16.755,0.0582,0.801,1.45e-05,0.0754,0.0609,123.544
1,0.332,0.225,0,-8.697,0.0348,0.767,0.00349,0.128,0.297,81.055
1,0.412,0.236,4,-15.159,0.0379,0.83,0.00653,0.147,0.119,140.214
1,0.64,0.321,0,-14.604,0.0931,0.693,0.0307,0.114,0.177,145.045
1,0.341,0.519,7,-7.007,0.0615,0.223,0.0,0.271,0.221,189.764
1,0.576,0.307,11,-12.732,0.0428,0.807,0.000355,0.0792,0.157,67.513
1,0.367,0.111,4,-14.084,0.0972,0.978,3.97e-05,0.0897,0.198,82.642
1,0.515,0.593,4,-4.801,0.0322,0.653,0.162,0.25,0.153,94.467
1,0.579,0.783,8,-6.4,0.0453,0.00979,0.244,0.116,0.69,165.057
1,0.38,0.219,4,-13.273,0.0358,0.917,0.0104,0.0827,0.0517,73.537
1,0.483,0.412,7,-8.461,0.0402,0.737,0.0,0.116,0.247,170.163
1,0.444,0.0911,0,-17.665,0.0307,0.959,1.05e-06,0.098,0.142,78.403
1,0.407,0.416,6,-8.915,0.174,0.656,0.0,0.0981,0.246,176.947
1,0.308,0.921,5,-5.163,0.0723,0.000172,1.9e-05,0.836,0.169,174.03
1,0.457,0.935,3,-5.125,0.0812,0.00108,0.0,0.973,0.387,150.076
1,0.667,0.893,10,-4.356,0.0841,0.13,0.0,0.21,0.672,160.021
1,0.509,0.672,0,-5.477,0.0363,0.238,0.0,0.125,0.425,78.084
1,0.546,0.652,0,-3.852,0.0339,0.451,0.0,0.123,0.378,139.875
1,0.659,0.588,0,-5.682,0.063,0.632,0.0,0.124,0.297,135.884
1,0.692,0.63,8,-6.792,0.164,0.0732,0.0,0.0865,0.499,110.919
1,0.433,0.671,1,-5.411,0.0302,0.0267,0.0,0.419,0.121,65.418
1,0.537,0.814,7,-5.855,0.281,0.252,0.0,0.117,0.505,175.878
1,0.747,0.498,0,-6.674,0.0353,0.381,0.0,0.712,0.53,135.919
1,0.5,0.793,2,-5.59,0.0444,0.0291,0.0,0.682,0.34,125.193
1,0.685,0.665,9,-5.983,0.0375,0.122,0.0,0.153,0.596,135.014
1,0.467,0.688,11,-6.336,0.0367,0.032,0.0,0.849,0.197,129.973
1,0.623,0.663,11,-6.458,0.142,0.0624,4.49e-06,0.0922,0.346,149.91
1,0.37,0.895,0,-4.963,0.0571,0.00026,0.0,0.706,0.127,184.044
1,0.674,0.423,4,-10.249,0.276,0.603,0.0,0.103,0.425,132.292
1,0.457,0.666,8,-5.93,0.0303,0.00582,0.0,0.727,0.299,136.353
1,0.545,0.477,11,-6.021,0.0427,0.0746,0.0,0.0977,0.353,123.465
1,0.33,0.858,10,-4.843,0.0385,0.0176,0.0,0.867,0.437,156.882
1,0.326,0.808,9,-4.638,0.0397,0.00208,0.0,0.926,0.389,160.141
1,0.602,0.556,0,-5.967,0.0337,0.589,0.0,0.185,0.186,99.977
1,0.426,0.491,0,-6.762,0.0306,0.0259,0.0,0.258,0.212,136.017
1,0.422,0.477,11,-8.12,0.0384,0.739,0.0,0.255,0.39,76.183
1,0.611,0.622,0,-5.132,0.0273,0.0324,0.0,0.248,0.703,94.998
1,0.635,0.541,2,-6.157,0.0314,0.4,0.0,0.0879,0.133,116.938
1,0.578,0.576,8,-5.971,0.0431,0.194,0.0,0.186,0.36,131.988
1,0.558,0.692,0,-5.322,0.0367,0.0872,0.0,0.191,0.269,129.844
1,0.431,0.317,4,-11.571,0.0572,0.882,0.0,0.0931,0.391,92.878
1,0.577,0.463,0,-8.116,0.0312,0.311,0.0,0.105,0.374,105.889
1,0.647,0.692,6,-4.6,0.098,0.108,0.0,0.126,0.342,139.693
1,0.409,0.671,6,-6.005,0.0545,0.219,0.0,0.157,0.32,127.279
1,0.3,0.55,9,-6.504,0.0474,0.131,0.0,0.0543,0.225,145.686
1,0.618,0.687,2,-5.603,0.0446,0.268,0.0,0.126,0.398,94.037
1,0.609,0.69,5,-6.075,0.0949,0.346,0.0,0.162,0.654,94.973
1,0.565,0.442,3,-7.409,0.0506,0.452,0.0,0.127,0.297,87.005
1,0.54,0.633,11,-4.643,0.0391,0.195,0.0,0.0376,0.193,132.823
1,0.538,0.579,6,-6.986,0.114,0.537,0.0,0.165,0.616,166.053
1,0.768,0.637,0,-5.432,0.0597,0.0267,8.56e-05,0.121,0.399,115.017
1,0.661,0.725,2,-4.982,0.0336,0.23,0.0,0.138,0.578,126.005
1,0.679,0.581,2,-9.297,0.104,0.523,0.0,0.0928,0.443,82.054
1,0.605,0.385,6,-9.22,0.0418,0.84,0.0,0.34,0.38,147.961
1,0.656,0.678,5,-6.851,0.0507,0.12,1.86e-05,0.147,0.166,129.871
1,0.635,0.641,4,-3.674,0.0329,0.18,0.0,0.0959,0.218,122.83
1,0.425,0.638,1,-3.184,0.0759,0.426,0.0,0.177,0.45,81.396
1,0.316,0.707,9,-6.876,0.094,0.0182,0.0,0.0571,0.396,77.323
1,0.363,0.678,2,-4.939,0.0995,0.0299,0.0,0.324,0.321,162.124
1,0.49,0.738,3,-7.399,0.0367,0.00237,4.58e-06,0.0851,0.126,124.966
1,0.603,0.834,5,-5.766,0.0417,0.0411,0.00609,0.105,0.376,89.956
1,0.405,0.505,5,-7.75,0.0458,0.592,0.0,0.121,0.318,164.971
1,0.569,0.403,10,-8.618,0.0439,0.593,4.49e-06,0.102,0.269,119.819
1,0.576,0.741,2,-7.404,0.0356,0.00831,0.0,0.111,0.143,124.091
1,0.674,0.774,11,-7.567,0.0892,0.0686,0.00188,0.393,0.33,112.05
1,0.515,0.479,3,-7.458,0.0261,0.544,0.00598,0.191,0.284,88.964
1,0.575,0.568,9,-5.509,0.03,0.0484,0.000417,0.286,0.37,93.986
1,0.579,0.601,8,-10.492,0.0322,0.0673,0.414,0.0778,0.0392,140.019
1,0.669,0.574,4,-6.442,0.0286,0.0175,0.00294,0.146,0.273,120.013
1,0.671,0.673,11,-6.941,0.0444,0.148,5.29e-05,0.304,0.494,121.963
1,0.52,0.731,6,-5.338,0.0557,0.342,0.00101,0.311,0.662,173.93
1,0.44,0.317,8,-9.258,0.0531,0.891,4.78e-06,0.141,0.268,169.914
1,0.429,0.708,5,-6.674,0.0382,0.0842,0.0,0.125,0.672,173.93
1,0.572,0.385,7,-6.362,0.0308,0.371,0.0,0.231,0.323,95.799
1,0.728,0.563,1,-8.053,0.134,0.621,0.0,0.179,0.352,100.017
1,0.565,0.647,1,-6.789,0.0334,0.0456,0.0,0.121,0.216,111.931
1,0.262,0.606,8,-6.646,0.0484,0.247,0.0,0.125,0.275,189.857
1,0.565,0.636,0,-8.198,0.0638,0.107,9.9e-06,0.447,0.525,170.01
1,0.78,0.768,6,-4.325,0.238,0.0371,2.34e-06,0.518,0.507,80.063
1,0.454,0.4,3,-10.261,0.0265,0.139,0.846,0.137,0.327,93.719
1,0.567,0.267,4,-6.502,0.0299,0.839,1.46e-06,0.089,0.0592,110.011
1,0.402,0.845,2,-6.459,0.0319,0.000676,0.0,0.158,0.686,174.727
1,0.519,0.595,2,-5.001,0.0283,0.00151,0.0,0.0762,0.237,129.786
1,0.587,0.742,6,-6.64,0.0529,0.0128,0.00107,0.146,0.199,145.007
1,0.575,0.648,10,-4.891,0.0358,0.583,0.0,0.115,0.466,75.977
1,0.737,0.846,1,-4.51,0.22,0.00614,0.0,0.0486,0.546,87.981
1,0.601,0.794,7,-5.844,0.0671,0.00987,1.36e-06,0.388,0.244,114.066
1,0.448,0.665,9,-4.203,0.026,0.06,2.55e-05,0.0828,0.304,172.004
1,0.656,0.291,2,-10.572,0.0293,0.872,0.0,0.114,0.298,103.971
1,0.436,0.409,5,-4.438,0.0533,0.499,0.000166,0.38,0.363,98.357
1,0.208,0.342,6,-8.702,0.0327,0.875,3e-06,0.0908,0.135,186.162
1,0.249,0.492,2,-7.108,0.0352,0.755,0.0,0.243,0.34,54.134
1,0.566,0.885,8,-4.528,0.0818,0.0958,9.97e-05,0.334,0.304,90.99
1,0.516,0.254,9,-16.027,0.0589,0.816,0.855,0.189,0.304,56.829
1,0.425,0.754,2,-6.028,0.0367,0.0104,0.112,0.438,0.558,152.092
1,0.509,0.856,9,-5.091,0.0553,0.00895,0.0108,0.424,0.427,91.02
1,0.481,0.267,7,-9.249,0.0339,0.8,0.0,0.249,0.137,117.64
1,0.4,0.479,8,-7.989,0.0308,0.0529,2.14e-06,0.115,0.213,166.159
1,0.68,0.826,0,-5.487,0.0309,0.0212,1.24e-05,0.543,0.644,118.051
1,0.526,0.866,0,-5.822,0.0568,0.00287,7.78e-05,0.0945,0.248,140.266
1,0.563,0.592,9,-4.571,0.0276,0.209,5.08e-05,0.132,0.136,104.016
1,0.664,0.405,1,-7.413,0.08,0.877,0.000765,0.11,0.743,81.89
1,0.572,0.839,4,-5.083,0.0377,0.013,0.00976,0.522,0.465,143.969
1,0.811,0.609,10,-8.376,0.0996,0.227,0.0,0.102,0.439,120.071
1,0.497,0.923,4,-3.04,0.11,0.00627,0.0,0.082,0.545,155.11
1,0.432,0.261,4,-12.591,0.0512,0.953,0.00342,0.0903,0.273,89.567
1,0.461,0.593,1,-4.954,0.0356,0.17,0.0,0.307,0.175,134.17
0,0.584,0.911,5,-3.515,0.09,0.0119,0.0,0.119,0.606,92.502
0,0.541,0.977,4,-2.828,0.157,0.00321,5.13e-05,0.0796,0.263,134.938
0,0.498,0.846,4,-3.196,0.0419,0.019,0.0,0.302,0.764,133.955
0,0.274,0.903,8,-3.125,0.064,0.0086,0.0,0.315,0.662,129.999
0,0.357,0.932,1,-4.428,0.246,0.0236,0.0,0.196,0.338,168.125
0,0.244,0.955,11,-1.532,0.0964,0.0867,2.54e-06,0.411,0.428,170.375
0,0.389,0.988,6,-1.949,0.107,0.00241,0.000615,0.346,0.0996,111.975
0,0.495,0.878,1,-4.3,0.058,0.0216,0.0,0.186,0.621,90.492
0,0.333,0.98,1,-2.904,0.172,0.00381,0.0,0.175,0.408,181.859
0,0.586,0.892,11,-5.259,0.0349,0.00079,4.05e-06,0.16,0.665,100.04
0,0.592,0.937,11,-4.905,0.0442,0.00139,1.74e-05,0.189,0.529,102.073
0,0.555,0.915,5,-4.87,0.117,0.0356,0.0,0.218,0.28,128.083
0,0.64,0.785,1,-4.111,0.0448,0.025,0.000147,0.105,0.353,140.016
0,0.516,0.922,6,-3.551,0.163,0.00439,0.0,0.308,0.445,94.964
0,0.549,0.912,3,-4.888,0.0515,0.00336,0.0,0.376,0.435,100.047
0,0.591,0.914,5,-5.617,0.0737,0.00267,0.0,0.0801,0.451,119.971
0,0.529,0.931,4,-1.538,0.0581,0.00955,0.0,0.465,0.695,92.466
0,0.507,0.889,7,-2.755,0.086,0.0495,0.0,0.0983,0.333,135.021
0,0.316,0.961,7,-4.082,0.129,0.00364,0.0,0.226,0.304,94.858
0,0.467,0.967,2,-3.528,0.116,4.68e-05,0.0,0.195,0.177,130.175
0,0.436,0.934,2,-2.685,0.0507,1.05e-05,0.136,0.321,0.383,91.488
0,0.389,0.867,1,-3.604,0.048,0.000303,0.0,0.347,0.215,94.952
0,0.545,0.944,2,-5.47,0.0671,0.00239,0.000114,0.149,0.725,180.05
0,0.445,0.913,5,-4.589,0.0574,0.0225,0.0,0.323,0.596,159.887
0,0.367,0.896,11,-4.002,0.091,0.000627,0.0,0.207,0.38,170.863
0,0.494,0.91,1,-6.016,0.0479,0.561,1.13e-06,0.107,0.507,90.447
0,0.44,0.983,0,-4.36,0.0868,0.22,0.0,0.26,0.203,159.968
0,0.459,0.878,5,-1.399,0.0688,5.62e-05,0.000307,0.371,0.494,144.852
0,0.561,0.686,6,-6.273,0.0473,0.267,0.0,0.137,0.22,89.97
0,0.646,0.676,0,-9.477,0.0431,0.0339,1.99e-06,0.13,0.59,128.128
0,0.39,0.724,4,-6.015,0.0635,0.00423,9.72e-05,0.102,0.301,181.91
0,0.648,0.904,6,-4.565,0.0786,0.0961,2.07e-06,0.0629,0.728,121.994
0,0.468,0.956,0,-1.817,0.0712,0.043,0.0,0.16,0.503,95.537
0,0.561,0.822,2,-5.078,0.0848,0.00469,2.71e-06,0.092,0.431,97.954
0,0.223,0.898,1,-3.609,0.0703,0.0018,0.0,0.219,0.38,157.986
0,0.542,0.918,6,-5.074,0.0937,0.0101,0.0,0.259,0.784,150.094
0,0.381,0.932,7,-4.074,0.0739,0.00154,0.0,0.152,0.584,155.922
0,0.427,0.966,7,-2.69,0.047,0.000192,0.0,0.303,0.503,95.962
0,0.38,0.966,11,-2.384,0.101,0.00133,0.0,0.313,0.663,187.536
0,0.718,0.7,7,-7.964,0.0481,0.0705,0.382,0.163,0.516,135.003
0,0.568,0.85,6,-4.043,0.0333,0.00971,0.0,0.187,0.802,144.941
0,0.563,0.924,2,-2.367,0.0351,0.0042,0.0,0.206,0.847,139.939
0,0.482,0.925,1,-2.131,0.0514,0.0591,0.0,0.228,0.763,180.056
0,0.468,0.511,9,-8.298,0.0327,0.349,0.0,0.231,0.506,90.028
0,0.551,0.908,5,-3.174,0.0749,0.000776,0.0,0.37,0.192,122.001
0,0.574,0.935,1,-2.783,0.0926,0.112,1.07e-06,0.367,0.836,166.008
0,0.684,0.815,8,-3.826,0.0496,0.322,0.0,0.12,0.819,138.104
0,0.703,0.658,0,-3.996,0.0257,0.405,1.38e-06,0.0577,0.531,96.023
0,0.606,0.938,8,-2.195,0.122,0.06,0.0,0.107,0.656,147.971
0,0.543,0.901,1,-4.8,0.219,0.0118,0.0,0.325,0.75,199.892
0,0.736,0.975,5,-2.671,0.182,0.154,0.0,0.359,0.927,115.057
0,0.49,0.738,3,-7.399,0.0367,0.00237,4.58e-06,0.0851,0.126,124.966
0,0.539,0.979,6,-2.688,0.0677,0.00053,3.48e-06,0.324,0.657,93.996
0,0.577,0.941,1,-5.17,0.105,0.00207,3.36e-06,0.0891,0.292,101.921
0,0.622,0.94,2,-4.997,0.0413,0.0094,6.48e-06,0.0957,0.96,158.056
0,0.359,0.962,11,-3.291,0.155,0.000811,0.000109,0.392,0.481,175.22
0,0.473,0.936,2,-4.877,0.0704,0.00916,0.0422,0.31,0.416,144.014
0,0.443,0.841,1,-5.245,0.0813,0.00105,0.0,0.177,0.526,182.971
0,0.467,0.908,5,-5.831,0.0643,0.000582,5.12e-05,0.386,0.477,143.16
0,0.45,0.857,6,-2.35,0.0398,0.0167,0.0,0.202,0.755,139.064
0,0.485,0.778,7,-3.359,0.0338,0.035,0.0,0.32,0.469,88.053
0,0.426,0.925,11,-5.247,0.12,6.69e-05,0.0267,0.115,0.646,180.014
0,0.282,0.97,11,-4.511,0.0891,0.00989,0.0,0.447,0.135,98.887
0,0.435,0.923,6,-5.985,0.221,0.0301,4.26e-06,0.09,0.546,104.611
0,0.436,0.951,7,-4.748,0.202,0.0046,0.0,0.149,0.428,169.955
0,0.479,0.898,1,-4.809,0.169,0.0134,0.0,0.297,0.639,151.99
0,0.566,0.85,6,-4.431,0.0599,0.0663,0.0,0.319,0.722,117.048
0,0.429,0.973,2,-2.69,0.179,0.00298,1.9e-05,0.157,0.385,169.119
0,0.814,0.785,1,-5.679,0.0396,0.0524,0.00111,0.111,0.941,120.009
0,0.629,0.804,2,-5.987,0.103,0.0169,0.000497,0.177,0.294,130.006
0,0.85,0.585,11,-5.615,0.0826,0.0448,5.96e-06,0.102,0.605,101.022
0,0.491,0.956,11,-1.538,0.392,0.0295,0.0,0.46,0.811,173.585
0,0.727,0.729,0,-2.99,0.326,0.171,0.0,0.07,0.512,117.932
0,0.865,0.521,0,-6.932,0.0371,0.548,0.000115,0.0989,0.748,129.059
0,0.682,0.471,0,-9.182,0.0301,0.765,0.0,0.0908,0.421,79.907
0,0.664,0.573,5,-6.519,0.0277,0.613,0.000363,0.0857,0.566,76.023
0,0.663,0.475,1,-8.834,0.0417,0.643,0.0,0.122,0.644,143.175
0,0.617,0.635,11,-6.769,0.0317,0.0498,1.44e-05,0.164,0.446,103.019
0,0.484,0.731,1,-6.694,0.0379,0.431,0.0,0.151,0.51,101.654
0,0.378,0.638,10,-5.576,0.075,0.02,7.66e-05,0.0849,0.735,184.086
0,0.655,0.819,0,-4.852,0.0316,0.000176,0.00374,0.104,0.766,117.956
0,0.526,0.862,2,-6.003,0.0905,0.0144,0.0597,0.229,0.528,90.052
0,0.555,0.723,0,-3.709,0.027,0.164,0.0,0.112,0.814,80.522
0,0.644,0.549,1,-5.415,0.0285,0.0209,8.85e-06,0.134,0.167,90.04
0,0.792,0.697,2,-4.204,0.032,0.0946,0.0899,0.131,0.22,120.051
0,0.649,0.647,9,-7.695,0.0452,0.0039,0.161,0.0686,0.405,125.02
0,0.645,0.795,7,-12.095,0.0527,0.347,0.00389,0.104,0.535,112.067
0,0.615,0.836,7,-4.648,0.0419,0.0788,0.0,0.62,0.877,123.005
0,0.593,0.851,9,-5.456,0.0446,0.0683,0.0,0.271,0.344,119.987
0,0.611,0.797,6,-7.627,0.0533,0.00543,0.00137,0.26,0.518,120.041
0,0.52,0.903,2,-5.497,0.042,0.00517,0.0,0.254,0.652,74.988
0,0.588,0.521,10,-9.461,0.0329,0.0678,0.149,0.123,0.337,85.012
0,0.557,0.8,10,-8.477,0.0601,0.00132,0.0012,0.0906,0.582,135.47
0,0.743,0.429,10,-14.576,0.0902,0.447,0.362,0.0455,0.597,95.406
0,0.813,0.601,11,-7.552,0.116,0.189,0.0002,0.426,0.855,118.981
0,0.711,0.906,8,-2.671,0.0284,0.00952,1.64e-05,0.153,0.824,125.916
0,0.811,0.699,7,-5.211,0.114,0.0726,1.38e-06,0.148,0.733,122.987
0,0.602,0.905,2,-4.046,0.0775,0.000202,0.064,0.117,0.411,128.019
0,0.55,0.874,4,-4.046,0.0321,0.000436,1.02e-05,0.206,0.318,121.61
0,0.698,0.633,8,-4.946,0.0597,0.0605,0.000194,0.0926,0.552,96.924
0,0.69,0.813,11,-5.084,0.0997,0.0968,0.000324,0.109,0.704,108.078
0,0.774,0.653,11,-7.654,0.0335,0.622,0.0,0.101,0.773,128.066
0,0.763,0.794,11,-6.078,0.0364,0.122,2.86e-06,0.327,0.65,99.999
0,0.675,0.828,0,-5.799,0.0454,0.0242,0.0102,0.364,0.669,122.229
0,0.495,0.894,2,-4.814,0.0441,0.00453,0.000596,0.103,0.213,126.03
0,0.491,0.693,0,-6.487,0.0377,0.211,6.92e-06,0.325,0.412,90.027
0,0.885,0.581,11,-8.813,0.0378,0.427,0.000204,0.0759,0.728,114.016
0,0.793,0.859,0,-3.774,0.0332,0.266,0.000356,0.133,0.964,129.911
0,0.676,0.794,2,-4.099,0.0265,0.0123,0.0,0.275,0.662,119.983
0,0.695,0.884,6,-2.278,0.0753,0.0561,0.0,0.213,0.914,103.014
0,0.548,0.532,5,-7.596,0.0323,0.186,0.000263,0.217,0.405,85.03
0,0.512,0.483,0,-7.798,0.0298,0.00304,0.0011,0.12,0.367,160.009
0,0.803,0.682,8,-3.459,0.037,0.0516,0.000223,0.0456,0.926,106.431
0,0.706,0.824,0,-7.959,0.0694,0.355,0.000133,0.111,0.86,94.98
0,0.532,0.869,11,-5.094,0.172,0.157,0.00508,0.136,0.422,159.803
0,0.508,0.72,11,-5.908,0.0628,0.272,0.0,0.0563,0.472,79.983
0,0.667,0.719,7,-5.371,0.0346,0.00285,8.1e-05,0.0736,0.717,100.021
0,0.657,0.941,8,-3.919,0.061,0.0476,0.0,0.0797,0.879,136.202
0,0.348,0.88,2,-7.366,0.0978,0.128,0.0,0.357,0.606,101.185
0,0.391,0.396,1,-8.621,0.189,0.702,0.405,0.315,0.199,99.112
0,0.259,0.437,11,-6.589,0.0386,0.102,1.32e-06,0.106,0.0951,180.042
0,0.674,0.428,7,-9.504,0.122,0.121,0.0,0.132,0.337,84.878
0,0.715,0.791,10,-6.63,0.0414,0.0368,0.0,0.0694,0.879,116.043
0,0.826,0.53,6,-7.876,0.064,0.338,2.58e-05,0.112,0.554,119.03
0,0.774,0.753,4,-5.446,0.0517,0.152,0.0,0.0371,0.896,119.002
0,0.628,0.882,1,-5.024,0.0323,0.259,0.0,0.065,0.853,95.083
0,0.673,0.886,1,-4.44,0.0431,0.185,0.0,0.0826,0.795,97.012
0,0.743,0.752,4,-4.813,0.0414,0.0188,0.0,0.287,0.545,110.015
0,0.671,0.701,6,-5.035,0.0288,0.0607,2.7e-06,0.163,0.585,131.977
0,0.753,0.931,2,-4.922,0.0652,0.00994,0.00696,0.234,0.767,113.029
0,0.594,0.905,7,-4.921,0.0851,0.0127,0.0,0.0514,0.559,109.928
0,0.692,0.856,0,-4.816,0.127,0.00763,1.89e-05,0.305,0.686,93.975
0,0.659,0.667,11,-4.668,0.0339,0.00173,2.85e-05,0.1,0.468,115.982
0,0.73,0.729,4,-3.434,0.0884,0.167,1.39e-06,0.349,0.467,113.011
0,0.7,0.49,0,-5.187,0.076,0.186,0.0,0.117,0.569,79.982
0,0.604,0.466,0,-10.093,0.0315,0.649,0.0334,0.093,0.499,120.045
0,0.878,0.525,5,-6.832,0.0578,0.183,0.0,0.0714,0.694,112.022
0,0.664,0.705,1,-4.972,0.0382,0.0654,0.0,0.118,0.477,122.016
0,0.69,0.578,6,-7.436,0.0929,0.167,0.0,0.305,0.416,99.961
0,0.632,0.856,10,-3.463,0.0348,0.0624,0.0,0.347,0.867,119.397
0,0.773,0.758,1,-4.993,0.0381,0.0422,0.0,0.305,0.925,144.033
0,0.819,0.784,1,-6.524,0.0435,0.222,0.00786,0.0809,0.831,99.989
0,0.699,0.729,9,-6.325,0.0976,0.133,0.0,0.0459,0.425,99.81
0,0.825,0.663,2,-9.414,0.0687,0.423,0.415,0.286,0.417,116.051
0,0.728,0.783,11,-4.424,0.266,0.237,0.0,0.434,0.555,77.011
0,0.623,0.901,10,-4.402,0.182,0.0785,0.0,0.0251,0.896,179.985
0,0.58,0.816,5,-8.381,0.142,0.347,1.76e-06,0.495,0.419,103.935
0,0.772,0.65,6,-5.202,0.0306,0.107,1.13e-06,0.0905,0.262,125.083
0,0.733,0.71,5,-5.849,0.0292,0.145,0.115,0.0956,0.965,127.975
0,0.807,0.887,9,-3.726,0.0503,0.0573,2.87e-06,0.124,0.961,134.052
0,0.761,0.525,11,-6.9,0.0944,0.44,6.7e-06,0.0921,0.531,80.87
0,0.648,0.585,7,-8.179,0.0985,0.0978,0.0,0.318,0.505,110.03
0,0.872,0.872,1,-6.328,0.139,0.0476,0.00112,0.0543,0.809,116.948
0,0.88,0.445,11,-6.154,0.066,0.515,4.57e-06,0.102,0.787,138.048
0,0.559,0.777,1,-5.031,0.0432,0.31,0.0,0.105,0.329,87.016
0,0.696,0.925,3,-2.542,0.0399,0.0034,0.0269,0.818,0.904,127.539
0,0.763,0.875,9,-5.797,0.0262,0.024,5.41e-06,0.599,0.8,123.013
0,0.575,0.821,0,-5.7,0.0527,0.181,0.0,0.124,0.449,118.021
0,0.583,0.706,10,-5.603,0.0348,0.276,1.7e-05,0.0922,0.369,122.142
0,0.664,0.965,3,-3.469,0.0351,0.0111,0.00144,0.0778,0.435,127.994
0,0.562,0.934,5,-5.562,0.0607,0.00211,0.0,0.199,0.558,103.042
0,0.608,0.785,11,-5.346,0.0472,0.00173,0.0,0.0762,0.806,117.983
0,0.486,0.814,11,-5.225,0.0405,0.0147,1.72e-06,0.0935,0.278,127.915
0,0.672,0.804,6,-5.746,0.0344,0.00387,0.0,0.0577,0.57,123.986
0,0.671,0.939,8,-3.206,0.161,0.191,0.0,0.298,0.53,129.024
0,0.673,0.758,7,-3.632,0.158,0.039,0.0,0.341,0.542,135.956
0,0.307,0.433,1,-10.057,0.029,0.388,9.08e-05,0.332,0.224,160.9
0,0.611,0.75,11,-5.053,0.0564,0.000512,0.0,0.103,0.838,117.953
0,0.753,0.689,10,-4.701,0.0369,0.00474,1.4e-05,0.0956,0.757,122.032
0,0.659,0.911,4,-2.28,0.0786,0.154,0.000304,0.191,0.576,91.999
0,0.447,0.848,2,-6.175,0.222,0.033,7.45e-05,0.65,0.485,172.247
0,0.414,0.857,0,-4.078,0.0808,0.0287,0.00574,0.343,0.348,128.024
0,0.754,0.734,7,-4.289,0.0316,0.0885,0.0,0.13,0.704,120.068
0,0.757,0.825,7,-4.062,0.0701,0.0398,2.63e-06,0.0798,0.446,95.01
0,0.621,0.923,2,-3.124,0.0321,0.00645,7.28e-05,0.108,0.716,127.973
0,0.708,0.771,5,-6.99,0.131,0.209,5.32e-06,0.277,0.494,128.013
0,0.832,0.876,6,-5.124,0.205,0.173,0.737,0.162,0.635,120.057
0,0.734,0.637,4,-5.677,0.141,0.0462,2.29e-05,0.0602,0.648,169.977
0,0.596,0.897,10,-2.94,0.0462,0.0641,5.24e-05,0.0628,0.578,118.0
0,0.653,0.658,2,-6.428,0.0304,0.0215,1.66e-06,0.0939,0.219,99.99
0,0.651,0.719,8,-5.804,0.0318,0.143,3.62e-05,0.0948,0.81,103.981
0,0.672,0.809,11,-5.704,0.0595,0.325,0.0,0.336,0.88,133.036
0,0.352,0.911,1,-5.23,0.0747,0.00121,0.0,0.0995,0.236,148.033
0,0.719,0.861,5,-6.982,0.0402,0.0447,0.00989,0.219,0.948,121.491
0,0.331,0.943,4,-3.188,0.0698,0.00721,2.06e-06,0.242,0.296,94.612
0,0.744,0.502,5,-7.719,0.0359,0.183,0.000228,0.189,0.66,112.344
0,0.715,0.931,7,-3.793,0.0565,0.171,0.0,0.0757,0.742,120.025
0,0.748,0.786,4,-7.788,0.0641,0.328,0.0,0.34,0.917,104.833
0,0.708,0.524,6,-9.41,0.0369,0.0955,0.339,0.155,0.757,142.875
0,0.573,0.739,0,-5.74,0.129,0.0285,0.0,0.111,0.451,97.085
0,0.783,0.592,11,-8.332,0.0331,0.435,4.15e-06,0.347,0.726,120.018
0,0.699,0.732,8,-6.307,0.0304,0.0771,0.00198,0.131,0.676,120.028
0,0.907,0.611,10,-4.588,0.0923,0.0211,3.21e-05,0.0317,0.926,125.982
0,0.601,0.951,1,-5.874,0.111,0.0741,0.000831,0.39,0.559,165.528
0,0.467,0.958,4,-4.808,0.0775,0.000479,0.199,0.299,0.701,145.92
0,0.635,0.95,0,-2.41,0.0413,0.00985,0.0,0.0529,0.604,148.006
0,0.737,0.858,8,-3.589,0.0527,0.0124,0.0,0.382,0.919,144.991
0,0.761,0.815,0,-3.023,0.0953,0.0078,2.08e-06,0.24,0.717,124.056
0,0.885,0.579,11,-5.14,0.0596,0.00318,0.0,0.0708,0.817,123.038
0,0.857,0.666,11,-3.57,0.0738,0.0425,0.0,0.248,0.759,122.045
0,0.776,0.923,2,-1.749,0.0682,0.0651,0.0,0.112,0.841,122.971
0,0.788,0.731,4,-6.082,0.047,0.0615,0.0,0.0997,0.258,127.03
0,0.665,0.397,4,-8.96,0.0536,0.913,0.00113,0.112,0.883,97.463
0,0.544,0.579,8,-8.52,0.0712,0.193,1.43e-05,0.117,0.294,109.769
0,0.52,0.818,5,-3.94,0.0433,0.000372,0.0,0.373,0.526,101.965
0,0.633,0.927,2,-4.468,0.0839,0.0267,0.0,0.0986,0.88,146.097
0,0.457,0.757,1,-5.177,0.032,0.0206,0.0,0.146,0.417,102.961
0,0.512,0.692,8,-5.011,0.0335,0.00548,1.27e-05,0.681,0.0872,114.9
0,0.743,0.485,0,-9.604,0.0452,0.821,0.0,0.0817,0.512,101.975
0,0.664,0.642,6,-5.961,0.038,0.129,0.0,0.114,0.501,118.002
0,0.63,0.696,10,-4.501,0.0242,0.144,0.0,0.0835,0.491,94.034
0,0.789,0.628,1,-6.26,0.0363,0.119,4.23e-05,0.0803,0.823,123.936
0,0.5,0.501,0,-8.284,0.0376,0.462,0.0,0.26,0.623,144.438
0,0.749,0.491,10,-9.655,0.0403,0.02,0.00899,0.159,0.536,119.528
0,0.573,0.902,6,-7.638,0.054,0.018,0.00125,0.0928,0.876,84.412
0,0.733,0.71,5,-5.849,0.0292,0.145,0.115,0.0956,0.965,127.975
0,0.692,0.711,0,-7.498,0.0317,0.225,0.0,0.12,0.875,125.135
0,0.65,0.82,5,-10.9,0.0356,0.0662,0.00272,0.215,0.757,135.982
0,0.704,0.874,11,-10.801,0.0568,0.0706,4.84e-06,0.0947,0.939,146.989
0,0.721,0.939,8,-11.823,0.0376,0.115,3.79e-05,0.108,0.914,113.309
0,0.71,0.799,6,-4.897,0.0328,0.22,0.000602,0.349,0.725,120.372
0,0.671,0.373,9,-18.064,0.0323,0.257,8.01e-05,0.0481,0.732,92.718
0,0.62,0.573,0,-11.893,0.0423,0.271,0.0,0.0607,0.897,81.548
0,0.567,0.943,6,-7.992,0.0387,0.0312,0.0965,0.544,0.965,128.207
0,0.617,0.533,3,-11.516,0.0651,0.0891,4.04e-06,0.0415,0.835,158.86
0,0.703,0.826,10,-7.179,0.0341,0.0322,0.00629,0.179,0.945,103.564
0,0.867,0.517,11,-13.222,0.0875,0.00456,0.000339,0.0864,0.866,133.148
0,0.612,0.675,9,-15.995,0.0398,0.0234,1e-05,0.0471,0.883,150.058
0,0.763,0.777,5,-6.932,0.0364,0.281,0.79,0.134,0.929,124.431
0,0.815,0.438,0,-14.522,0.0346,0.216,0.000466,0.0787,0.552,108.965
0,0.596,0.869,10,-11.97,0.037,0.0116,0.173,0.0678,0.944,109.902
0,0.709,0.824,1,-8.824,0.0453,0.207,0.000307,0.0888,0.867,118.818
0,0.529,0.843,6,-6.908,0.0616,0.0628,0.000827,0.0608,0.188,117.662
0,0.68,0.678,1,-11.548,0.0754,0.103,0.00828,0.204,0.251,131.165
0,0.574,0.628,2,-8.815,0.036,0.13,0.0,0.271,0.803,153.119
0,0.638,0.988,1,-5.042,0.0921,0.0302,1.16e-05,0.371,0.723,117.955
0,0.742,0.883,0,-3.419,0.0329,0.333,7.51e-06,0.0964,0.978,136.506
0,0.689,0.694,6,-5.83,0.027,0.257,0.0,0.148,0.482,99.039
0,0.751,0.834,1,-5.444,0.0437,0.3,1.77e-05,0.355,0.894,95.053
0,0.724,0.81,9,-8.532,0.0404,0.556,0.00659,0.489,0.738,117.423
0,0.694,0.831,9,-7.288,0.0301,0.165,0.000892,0.25,0.98,125.901
0,0.56,0.825,2,-6.711,0.0347,0.000785,0.00246,0.0892,0.74,142.669
0,0.684,0.573,5,-12.3,0.0261,0.318,0.028,0.306,0.716,107.363
0,0.572,0.654,7,-7.027,0.0344,0.0058,3.21e-06,0.09,0.399,122.491
0,0.838,0.794,9,-8.245,0.0531,0.22,0.0,0.0575,0.962,132.446
0,0.432,0.234,0,-14.25,0.0357,0.532,2.91e-06,0.0785,0.316,189.882
0,0.885,0.664,1,-11.795,0.0524,0.145,0.0483,0.0767,0.906,121.632
0,0.835,0.792,7,-6.995,0.0614,0.0282,0.0003,0.11,0.815,119.941
0,0.834,0.633,4,-11.442,0.0422,0.0631,5e-05,0.313,0.904,123.815
0,0.743,0.836,2,-6.465,0.116,0.0804,0.0,0.384,0.82,113.375
0,0.649,0.647,9,-7.695,0.0452,0.0039,0.161,0.0686,0.405,125.02
0,0.759,0.699,0,-5.745,0.0307,0.202,0.000131,0.443,0.907,92.96
0,0.768,0.864,11,-6.145,0.0324,0.101,0.0,0.162,0.891,110.008
0,0.87,0.699,5,-5.541,0.0459,0.245,6.76e-06,0.0588,0.726,126.967
0,0.524,0.882,5,-3.038,0.0367,0.108,1.1e-06,0.071,0.399,119.94
0,0.666,0.785,4,-5.37,0.0308,0.0981,0.0198,0.434,0.549,122.973
0,0.64,0.852,1,-8.119,0.0345,0.0243,1.82e-06,0.0497,0.793,122.902
0,0.867,0.538,2,-16.183,0.361,0.242,1.75e-05,0.316,0.781,158.328
0,0.388,0.338,10,-10.054,0.0329,0.652,3.73e-06,0.248,0.478,177.765
0,0.547,0.82,8,-6.728,0.0805,0.261,0.0,0.3,0.933,118.208
0,0.523,0.762,4,-8.669,0.0346,0.0308,0.0,0.0675,0.881,128.064
0,0.836,0.509,0,-13.668,0.0548,0.467,4.1e-06,0.0436,0.949,138.714
0,0.731,0.804,11,-7.621,0.0473,0.172,0.00028,0.0685,0.957,107.383
0,0.532,0.729,10,-6.84,0.0474,0.382,0.0,0.366,0.595,121.97
0,0.771,0.655,3,-10.842,0.0372,0.152,0.00197,0.0685,0.97,119.747
0,0.625,0.726,11,-11.402,0.0444,0.0158,0.000169,0.0625,0.507,124.945
0,0.663,0.475,1,-8.834,0.0417,0.643,0.0,0.122,0.644,143.175
0,0.666,0.788,2,-7.02,0.0276,0.0884,0.0628,0.298,0.675,111.257
0,0.489,0.483,9,-9.466,0.0275,0.42,0.0028,0.236,0.333,136.822
0,0.48,0.868,9,-7.489,0.0406,0.0237,7.95e-05,0.99,0.961,188.915
0,0.72,0.521,7,-12.468,0.0302,0.705,0.36,0.214,0.823,106.055
0,0.82,0.452,1,-9.796,0.0348,0.543,0.00294,0.0714,0.74,117.401
0,0.615,0.836,7,-4.648,0.0419,0.0788,0.0,0.62,0.877,123.005
0,0.768,0.852,4,-6.215,0.038,0.214,7.36e-05,0.0723,0.867,128.373
0,0.663,0.838,0,-5.744,0.0286,0.2,0.000177,0.0782,0.752,112.788
0,0.687,0.852,11,-5.538,0.0351,0.104,0.00866,0.0596,0.766,129.981
0,0.535,0.716,4,-5.025,0.0431,0.326,0.0,0.659,0.901,94.379
0,0.575,0.555,4,-7.495,0.0453,0.103,1.3e-06,0.111,0.504,95.361
0,0.404,0.822,4,-7.296,0.0422,0.0269,6.65e-05,0.106,0.285,158.613
0,0.586,0.7,0,-9.558,0.0363,0.0589,0.00125,0.0318,0.897,147.245
0,0.583,0.905,2,-6.132,0.0733,0.0984,0.00019,0.0593,0.646,173.982
0,0.618,0.648,2,-7.098,0.0287,0.00416,0.0668,0.171,0.346,129.917
0,0.726,0.449,0,-9.206,0.0286,0.487,1.34e-06,0.0824,0.294,130.388
0,0.697,0.669,6,-12.723,0.0406,0.0404,0.00897,0.0654,0.486,108.506
0,0.417,0.377,3,-8.726,0.0281,0.63,0.000202,0.108,0.383,97.854
0,0.668,0.26,7,-14.256,0.0523,0.453,0.0,0.0621,0.368,119.416
0,0.584,0.367,6,-9.638,0.0328,0.55,1.38e-05,0.0818,0.588,120.175
0,0.381,0.0251,10,-19.128,0.0327,0.935,0.00109,0.099,0.173,85.968
0,0.666,0.855,9,-5.051,0.0295,0.179,1.2e-06,0.0987,0.803,125.639
0,0.309,0.649,7,-8.994,0.035,0.0158,0.00591,0.367,0.312,166.915
0,0.557,0.74,6,-10.999,0.0879,0.0018,0.422,0.148,0.801,114.379
0,0.568,0.75,2,-8.913,0.0466,0.0731,0.0,0.121,0.407,75.82
0,0.504,0.904,6,-6.863,0.179,0.356,0.121,0.14,0.772,176.808
0,0.724,0.891,11,-7.818,0.0995,0.00344,4.72e-05,0.3,0.818,103.022
0,0.668,0.73,10,-7.182,0.0366,0.225,0.0,0.188,0.894,92.049
0,0.412,0.842,4,-6.826,0.0763,0.115,0.0133,0.0738,0.382,132.534
0,0.307,0.433,1,-10.057,0.029,0.388,9.08e-05,0.332,0.224,160.9
0,0.526,0.64,10,-6.374,0.0472,0.365,1.3e-06,0.0958,0.622,117.132
0,0.448,0.691,7,-6.957,0.0286,0.286,0.00111,0.945,0.633,88.836
0,0.401,0.381,2,-7.458,0.0274,0.7,0.0,0.122,0.229,75.454
0,0.53,0.562,4,-13.018,0.0409,0.613,1.37e-06,0.257,0.697,121.081
0,0.257,0.338,4,-12.902,0.0357,0.736,0.0,0.252,0.544,207.356
0,0.744,0.502,5,-7.719,0.0359,0.183,0.000228,0.189,0.66,112.344
0,0.733,0.726,7,-6.514,0.0371,0.379,2.58e-06,0.471,0.915,120.814
0,0.399,0.239,7,-17.123,0.0407,0.557,0.000203,0.121,0.147,166.419
0,0.543,0.87,9,-6.514,0.0428,0.358,0.000939,0.792,0.754,100.804
0,0.758,0.612,0,-11.403,0.0598,0.281,0.00288,0.0954,0.822,106.945
0,0.746,0.76,2,-6.009,0.105,0.0342,2.18e-05,0.31,0.902,128.976
0,0.823,0.743,0,-13.98,0.0316,0.00559,0.0306,0.0707,0.966,120.471
0,0.719,0.547,10,-13.19,0.0362,0.0679,2.93e-06,0.229,0.554,121.724
0,0.609,0.777,4,-7.548,0.0487,0.0862,1.16e-05,0.278,0.852,122.612
0,0.559,0.473,5,-7.712,0.0279,0.446,0.00141,0.154,0.397,121.227
0,0.531,0.481,4,-11.709,0.06,0.699,0.0,0.0842,0.491,138.45
0,0.456,0.233,8,-12.634,0.0255,0.433,6.42e-05,0.0538,0.424,75.174
0,0.333,0.28,1,-12.87,0.032,0.427,1.88e-06,0.13,0.276,130.876
0,0.701,0.944,4,-2.986,0.0455,0.0755,0.0,0.601,0.792,128.993
0,0.671,0.712,2,-7.815,0.0476,0.429,0.0,0.103,0.462,113.805
0,0.759,0.85,4,-7.156,0.0418,0.456,1.72e-06,0.488,0.963,149.211
0,0.431,0.723,8,-5.887,0.0568,0.145,0.0,0.374,0.19,130.141
0,0.45,0.914,2,-5.4,0.0607,0.0305,1.42e-05,0.152,0.904,162.487
0,0.768,0.829,5,-5.109,0.0313,0.0964,2.92e-05,0.097,0.962,118.773
0,0.764,0.626,0,-8.274,0.0288,0.457,6.35e-06,0.201,0.961,118.34
0,0.363,0.716,4,-4.829,0.0383,0.55,0.0,0.115,0.372,179.407
0,0.282,0.526,9,-5.709,0.0337,0.617,0.0,0.0591,0.679,185.638
0,0.473,0.603,8,-6.242,0.0291,0.185,9.24e-05,0.566,0.352,136.104
0,0.704,0.707,0,-7.33,0.0321,0.262,4.41e-06,0.039,0.717,131.015
0,0.837,0.751,4,-8.245,0.0377,0.122,0.0,0.0582,0.964,120.196
0,0.71,0.625,0,-8.587,0.0402,0.489,0.0,0.439,0.814,107.618
0,0.748,0.923,4,-3.165,0.057,0.0801,0.0,0.423,0.757,131.76
0,0.668,0.677,4,-9.64,0.0275,0.542,4.7e-05,0.361,0.811,102.407
0,0.617,0.519,10,-11.411,0.0404,0.292,0.0,0.411,0.692,121.35
0,0.489,0.867,4,-4.083,0.0341,0.49,0.0,0.154,0.559,132.103
0,0.466,0.365,0,-12.641,0.0296,0.374,0.0,0.105,0.328,86.642
0,0.587,0.411,11,-7.6,0.0423,0.632,0.0,0.209,0.198,133.931
0,0.394,0.533,4,-9.648,0.0393,0.474,1.42e-06,0.19,0.422,134.955
0,0.502,0.447,4,-7.831,0.0282,0.813,0.0,0.109,0.49,110.406
0,0.565,0.67,9,-6.183,0.0368,0.0963,1.59e-06,0.117,0.415,122.021
0,0.44,0.517,0,-7.358,0.0358,0.353,0.0,0.33,0.487,109.222
0,0.593,0.422,0,-10.789,0.0274,0.21,0.0515,0.119,0.315,130.18
0,0.348,0.176,5,-18.279,0.0336,0.863,0.0,0.338,0.396,158.417
0,0.249,0.558,5,-6.097,0.0333,0.561,0.00192,0.289,0.477,77.646
0,0.39,0.639,9,-5.145,0.0296,0.61,0.0,0.15,0.17,72.199
0,0.452,0.655,11,-10.674,0.0457,0.00242,0.577,0.151,0.205,136.593
0,0.454,0.83,4,-7.984,0.12,0.325,0.0,0.166,0.597,112.112
0,0.475,0.745,2,-9.962,0.0778,0.367,5.36e-06,0.36,0.328,104.916
0,0.357,0.238,2,-14.164,0.0388,0.631,0.0,0.366,0.288,109.225
0,0.632,0.931,6,-4.675,0.0463,0.228,0.0,0.0608,0.943,95.636
0,0.297,0.49,0,-5.942,0.0664,0.392,0.0,0.283,0.196,74.504
0,0.327,0.869,8,-4.385,0.0402,0.42,2.8e-05,0.66,0.66,84.394
0,0.544,0.469,5,-8.783,0.0343,0.424,0.0,0.186,0.524,80.549
0,0.46,0.775,0,-6.577,0.0822,0.481,2.94e-06,0.056,0.517,72.381
0,0.595,0.918,2,-4.166,0.0566,5.62e-05,0.0,0.0911,0.604,116.94
0,0.404,0.696,11,-6.553,0.0458,0.401,0.0,0.129,0.36,180.037
0,0.481,0.391,2,-10.634,0.0298,0.191,9.64e-06,0.201,0.357,89.889
0,0.413,0.142,9,-15.019,0.0419,0.759,3.19e-06,0.142,0.164,123.487
0,0.355,0.544,2,-7.351,0.0346,0.801,0.0107,0.138,0.309,129.79
0,0.5,0.477,8,-9.724,0.0244,0.0348,9.82e-05,0.27,0.438,161.455
0,0.553,0.665,5,-4.749,0.0278,0.123,4.8e-05,0.12,0.327,139.885
0,0.686,0.535,2,-7.671,0.028,0.291,0.000146,0.126,0.511,143.915
0,0.633,0.794,2,-9.189,0.0507,0.479,0.000113,0.0804,0.754,100.813
0,0.617,0.565,4,-10.646,0.0299,0.492,0.0,0.114,0.461,148.013
0,0.566,0.47,7,-7.346,0.0317,0.737,0.0,0.109,0.292,79.912
0,0.55,0.555,4,-3.304,0.0286,0.715,0.0,0.1,0.222,116.056
