danceability,energy,key,loudness,speechiness,acousticness,instrumentalness,liveness,valence,tempo,clusterIndex
0.5121602288984262,0.3540346868833732,0.6363636363636364,0.47239178690344075,0.01033170201196304,0.11553242647288137,0.19759825327510913,0.13462534977717897,0.21024659863945577,0.4948701883541529,0
0.47496423462088705,0.36961262851801857,0.6363636363636364,0.4023307436182021,0.028548123980424153,0.022177640966493,0.0007499999999999999,0.2900818737693025,0.32291666666666674,0.6640560754982967,0
0.25178826895565093,0.7684079343649394,0.5454545454545454,0.8583055863854977,0.09162588363240892,0.6605280527040424,0.0038427947598253273,0.5149756451445745,0.5610119047619048,0.4945047055905811,1
0.6351931330472103,0.552393810364524,0.09090909090909091,0.8004532001479838,0.020663404023926066,0.7566436040468738,0.0,0.10249766815214009,0.4717261904761905,0.6261437652556423,1
0.3733905579399141,0.05701526638280196,0.18181818181818182,0.3484091749907511,0.04975530179445352,0.9171770249067092,4.6069868995633185e-05,0.09006114623277023,0.17729591836734693,0.30742321598726036,1
0.5107296137339055,0.22525703603697164,0.18181818181818182,0.6777654458009619,0.020663404023926066,0.7791387330845577,1.0152838427947597e-05,0.26935433723701935,0.21024659863945577,0.17962825181762415,1
0.4649499284692418,0.846297642538166,0.8181818181818182,0.8203847576766556,0.3882544861337684,0.2392556361801431,0.0,0.09213389988599854,0.34204931972789115,0.4095234365822142,0
0.43061516452074394,0.5326617509606398,0.6363636363636364,0.7254901960784315,0.08972267536704731,0.3936540218478829,0.0,0.08177013161985697,0.217687074829932,0.13676234483298744,1
0.43347639484978545,0.5617405753453111,0.5454545454545454,0.7303459119496856,0.4779771615008157,0.3568438106953091,0.0,0.32635506270079806,0.1900510204081633,0.1942867212280222,1
0.8254649499284694,0.421539100633503,0.9090909090909092,0.6597761746207917,0.033170201196302346,0.12575748512637408,0.0,0.06591356617266036,0.20918367346938777,0.47611309080941383,0
0.7153075822603718,0.16709938726762905,0.8181818181818182,0.6506659267480579,0.048395867319195235,0.8875243548115803,0.0,0.054720696445227486,0.30059523809523814,0.12013287909047005,1
0.30472103004291845,0.3966143940180704,0.9090909090909092,0.7204032556418795,0.006797172376291474,0.31594357608133833,0.0010491266375545851,0.08798839257954191,0.12946428571428575,0.5540588166190235,1
0.503576537911302,0.6739017551147576,0.9090909090909092,0.7850073991860896,0.05546492659053835,0.7136983577022044,0.0,0.10146129132552595,0.40582482993197283,0.42949445902024513,1
0.24320457796852651,0.37688233461418635,0.9090909090909092,0.6477062523122458,0.032082653616095705,0.48261203213326936,0.0,0.13669810343040728,0.15816326530612246,0.11851431256608064,1
0.3361945636623748,0.35715027521030224,0.8181818181818182,0.6247225305216427,0.054105492115280054,0.9907974472118566,0.30240174672489084,0.6351953570318167,0.06345663265306123,0.7830011356071584,1
0.42775393419170243,0.18579291722920344,0.0,0.5294117647058825,0.07123436650353454,0.8742317785620398,0.0,0.12218882785780907,0.32291666666666674,0.15422719974938331,1
0.30615164520743915,0.28756880257555306,1.0,0.6385960044395118,0.0353452963567156,0.6431454529931048,8.548034934497816e-05,0.08177013161985697,0.0890731292517007,0.39129498374907007,1
0.33905579399141633,0.5316232215183302,0.36363636363636365,0.670135035146134,0.04295812941816206,0.7106308401061565,1.801310043668122e-05,0.07182091408436106,0.0975765306122449,0.4479448121027008,1
0.5779685264663805,0.8120261709419464,0.9090909090909092,0.9347484276729561,0.0255573681348559,0.05060330402320271,0.019323144104803493,0.07866100114001451,0.3813775510204082,0.45632480975316864,0
0.3662374821173105,0.7019420500571192,0.5454545454545454,0.8014243433222347,0.04594888526373028,0.009110016007329323,0.3373362445414847,0.32117317856772726,0.336734693877551,0.19489368367466814,0
0.05293276108726752,0.6385917540762281,0.18181818181818182,0.7212819089900112,0.09951060358890701,0.13393753204916825,8.853711790393013e-06,0.05337340657062908,0.06994047619047619,0.5325932307371006,2
0.5336194563662373,0.6552082251531832,0.36363636363636365,0.8385127635960046,0.014138118542686248,0.0027398044662033695,3.0349344978165936e-06,0.07866100114001451,0.3176020408163266,0.35177063345994714,2
0.5150214592274678,0.5648561636722401,0.6363636363636364,0.7866259711431743,0.02365415986949429,0.00039826603455354073,0.111353711790393,0.32842781635402635,0.2410714285714286,0.12306979415488639,0
0.20743919885550782,0.686364108422474,0.6363636363636364,0.8009156492785795,0.0793909733550843,0.0021978763575682563,0.0,0.10146129132552595,0.14647108843537415,0.2632520134184387,0
0.7267525035765379,0.5056599854605879,0.09090909090909091,0.7753422123566409,0.024197933659597604,0.4938595966521114,0.0,0.07016271116177841,0.3048469387755102,0.33169518737518117,1
0.21316165951359084,0.4153079239796449,0.4545454545454546,0.7270625231224566,0.024741707449700945,0.5971326890523876,0.0,0.3077002798217432,0.2453231292517007,0.3129054574408376,1
0.8154506437768241,0.4121923356527158,0.0,0.5969755826859047,0.06525285481239804,0.9417171656750917,0.010087336244541483,0.0732718416416209,0.15710034013605445,0.4300883685110494,1
0.6008583690987124,0.8857617613459343,0.8181818181818182,0.9043192748797634,0.17917346383904295,0.001993375184498402,1.3427947598253275e-05,0.04124779769924344,0.8044217687074832,0.4949811384788086,0
0.3361945636623748,0.2834146848063143,0.0,0.501387347391787,0.10929853181076674,0.3967215394439307,1.0917030567685589e-05,0.08073375479324282,0.141156462585034,0.1508856430538696,1
0.6022889842632331,0.314570568075605,1.0,0.6816037735849056,0.013050570962479621,0.7852737682766533,2.729257641921397e-05,0.08073375479324282,0.371811224489796,0.13587474383574166,1
0.240343347639485,0.42050057119119333,0.0,0.760173880873104,0.023382272974442647,0.09221929274291801,0.0,0.06850450823919577,0.09545068027210886,0.15314380441450975,2
0.2460658082975679,0.3259943919410116,0.2727272727272727,0.7000554938956716,0.026101141924959215,0.7065408166447594,0.0,0.09835216084568349,0.04857568027210886,0.3033050084191566,1
0.47067238912732473,0.4028455706719286,0.6363636363636364,0.7069459859415466,0.02093529091897771,0.35377629309926134,0.0,0.09835216084568349,0.19855442176870752,0.5160877680750808,1
0.48211731044349077,0.9792294111538062,0.8181818181818182,0.9003884572697005,0.16612289287656334,0.039560240677430594,0.003548034934497816,0.3170276712612706,0.5184948979591838,0.7559684640586863,0
0.6766809728183119,0.2771835081524561,1.0,0.6207917129115799,0.06552474170744971,0.7597111216429215,0.0,0.07493004456420355,0.13052721088435376,0.06440328412368979,1
0.5264663805436336,0.4703499844220584,0.36363636363636365,0.6819737328893822,0.00516585100598152,0.5091971846323504,6.200873362445413e-05,0.10249766815214009,0.2410714285714286,0.5083734711725472,1
0.26752503576537917,0.4340014539412193,0.5454545454545454,0.6151960784313726,0.2958129418162045,0.7822062506806056,1.0556768558951964e-05,0.06093895740491243,0.3176020408163266,0.7491744005430032,1
0.47353361945636624,0.5015058676913491,0.9090909090909092,0.7849149093599705,0.012506797172376294,0.7433510277973332,0.0,0.15431650948284795,0.19961734693877553,0.3082063933377714,1
0.5393419170243203,0.42673174784505147,0.9090909090909092,0.659544950055494,0.09760739532354543,0.7372159926052376,1.430131004366812e-05,0.08280650844647114,0.09863945578231294,0.5856861286238269,1
0.42918454935622313,0.42050057119119333,0.18181818181818182,0.6265260821309657,0.02528548123980426,0.8486691319283081,0.0004814410480349344,0.07036998652710125,0.3027210884353742,0.49572515696179414,1
0.43347639484978545,0.5264305743067818,0.4545454545454546,0.7990196078431373,0.08646003262642743,0.17279275493244053,0.0,0.2963001347289875,0.30059523809523814,0.5462205166359924,2
0.25608011444921314,0.11413438570983489,0.6363636363636364,0.3988623751387348,0.07286568787384448,0.9498972125978858,0.0,0.07223546481500673,0.18154761904761907,0.1883084674524546,1
0.30472103004291845,0.10998026794059612,0.0,0.21217166111727725,0.038064165307232195,0.973414847500919,0.004945414847161571,0.08695201575292777,0.0858843537414966,0.5437339285481197,1
0.5808297567954219,0.3041852736525081,0.6363636363636364,0.47761746207917133,0.06416530723219141,0.9161545190413599,0.002609170305676856,0.05637889936781013,0.0773809523809524,0.4296054091449009,1
0.48354792560801146,0.8525288191920242,0.4545454545454546,0.800221975582686,0.4263186514410005,0.01379309287062898,0.0,0.6030676754067779,0.7448979591836736,0.7042657059691169,2
0.5193133047210299,0.538892927614498,0.5454545454545454,0.5738993710691824,0.015497553017944546,0.4631844206916333,0.008788209606986898,0.3077002798217432,0.18792517006802723,0.5085301066426493,1
0.29756795422031473,0.049226295565479285,0.18181818181818182,0.28986311505734386,0.0924415443175639,0.8190164618331793,1.58296943231441e-05,0.052129754378692085,0.023065476190476192,0.45300283249141776,1
0.17739628040057226,0.20760203551770695,0.0,0.6625046244913061,0.02882001087547581,0.784251262411304,0.0038100436681222706,0.10664317545859675,0.2740221088435374,0.17569931210922723,1
0.2918454935622317,0.2190258593831135,0.36363636363636365,0.363669996300407,0.03724850462207724,0.8486691319283081,0.007128820960698689,0.1263343351642657,0.08482142857142859,0.5617992194332408,1
0.6180257510729614,0.3073008619794372,0.0,0.38933592304846476,0.1873300706905927,0.708585828375458,0.03351528384279476,0.09213389988599854,0.14647108843537415,0.5933286342692303,1
0.15879828326180256,0.032194412711600374,0.0,0.0,0.05655247417074498,0.9560322477899815,0.004192139737991266,0.37610115037827757,0.045493197278911574,0.16727362911331273,1
0.190271816881259,0.5129296915567557,0.6363636363636364,0.7406585275619684,0.10141381185426862,0.2280080716613011,0.0,0.2548450616644212,0.19323979591836737,0.8851862004150843,0
0.5264663805436336,0.2927614497871015,1.0,0.47590640029596754,0.05057096247960849,0.8251514970252749,0.00038755458515283837,0.056067986319825895,0.1252125850340136,0.08731774810405823,1
0.22746781115879827,0.08920967909440233,0.36363636363636365,0.41338327783943773,0.19847743338771068,1.0,4.334061135371179e-05,0.06694994299927454,0.16879251700680276,0.18605683256973543,1
0.43919885550786836,0.5897808702876727,0.36363636363636365,0.8426748057713652,0.021750951604132693,0.6676855937614873,0.17685589519650655,0.23308114830552387,0.12096088435374151,0.26323243398467583,1
0.5307582260371959,0.7871014643265137,0.7272727272727273,0.7687291897891233,0.05736813485589995,0.009999596110183188,0.26637554585152834,0.09420665353922686,0.6917517006802721,0.7239365104227853,0
0.2460658082975679,0.2013708588638488,0.36363636363636365,0.4508879023307437,0.03153887982599239,0.9376271422136946,0.011353711790393012,0.059695305212975426,0.013286564625850344,0.12663325109971157,1
0.39341917024320455,0.4018070412296189,0.6363636363636364,0.673418423973363,0.04350190320826537,0.753576086450826,0.0,0.09420665353922686,0.22087585034013607,0.7572607066870296,1
0.3376251788268955,0.0685429431924395,0.0,0.24778024417314104,0.017672648178357814,0.9805723885583639,1.1462882096069866e-06,0.07555187066017205,0.10926870748299321,0.15839109266293355,1
0.284692417739628,0.40596115899885765,0.5454545454545454,0.6524232334443212,0.4072865687873844,0.6707531113575351,0.0,0.07565550834283347,0.21981292517006806,0.801536332902586,1
0.14306151645207438,0.930418527365251,0.4545454545454546,0.8259341472438033,0.13077759651984777,0.00016513469725390714,2.074235807860262e-05,0.8403979687014197,0.13796768707482998,0.7824985968072473,2
0.3562231759656653,0.9449579395575867,0.2727272727272727,0.8276914539400667,0.15497553017944535,0.0010935700229910445,0.0,0.9823815939475593,0.3696853741496599,0.626163344689405,2
0.6566523605150214,0.9013397029805796,0.9090909090909092,0.863253792082871,0.16286025013594344,0.13291502618381898,0.0,0.1916260752409576,0.6726190476190478,0.6910691676130061,0
0.43061516452074394,0.6718246962301383,0.0,0.8114132445431004,0.03289831430125069,0.24334565964154015,0.0,0.10353404497875426,0.4100765306122449,0.1563091462061585,2
0.48354792560801146,0.6510541073839444,0.0,0.8865612282648909,0.026373028820010885,0.46113940896093475,0.0,0.10146129132552595,0.36011904761904767,0.559586743418047,2
0.6452074391988556,0.5845882230761242,0.0,0.8019330373658898,0.10549211528004351,0.6462129705891526,0.0,0.10249766815214009,0.2740221088435374,0.5335395700356347,1
0.69241773962804,0.6282064596531313,0.7272727272727273,0.7506011838697744,0.3800978792822186,0.07483669303198041,0.0,0.06363353715410922,0.488732993197279,0.3706060487397372,0
0.3218884120171674,0.6707861667878285,0.09090909090909091,0.8144654088050316,0.016313213703099516,0.02729017029323935,0.0,0.4082288320033164,0.08694727891156463,0.07364477685971993,2
0.47067238912732473,0.819295877038114,0.6363636363636364,0.7939326674065854,0.6982055464926591,0.25766074175642995,0.0,0.09524303036584103,0.49511054421768713,0.794559528005117,0
0.7711015736766811,0.4911205732682522,0.0,0.7560580836108028,0.030179445350734094,0.3895639983864858,0.0,0.7118872422012643,0.5216836734693879,0.5337679967628672,2
0.4177396280400572,0.7974867587496107,0.18181818181818182,0.8061875693673697,0.05492115280043504,0.029744184370077597,0.0,0.6807959374028396,0.31972789115646266,0.4637649945830234,2
0.6824034334763949,0.6645549901339705,0.8181818181818182,0.7880133185349613,0.036160957041870584,0.1247349792610248,0.0,0.13255259612395065,0.5918367346938777,0.5278615342444297,0
0.3705293276108727,0.6884411673070931,1.0,0.7716888642249353,0.03398586188145733,0.032709451379590485,0.0,0.8538708674474038,0.16772959183673475,0.49496155904504596,0
0.5937052932761087,0.6624779312493511,1.0,0.7660469848316687,0.3202827623708537,0.06379362968620829,4.901746724890829e-06,0.06954088506580994,0.32610544217687076,0.6250799493545314,0
0.23175965665236048,0.903416761865199,0.0,0.835183129855716,0.08945078847199564,0.0002551152134046429,0.0,0.7056689812415793,0.09332482993197279,0.8478547467073922,2
0.6666666666666667,0.4132308650950255,0.36363636363636365,0.5907325194228635,0.6846112017400762,0.6165603004940238,0.0,0.08073375479324282,0.4100765306122449,0.5100964613436714,1
0.3562231759656653,0.6655935195762801,0.7272727272727273,0.7904642989271181,0.016585100598151173,0.005940247824746585,0.0,0.7274328946004767,0.27614795918367346,0.5366004881805486,0
0.48211731044349077,0.46931145497974874,1.0,0.7862560118386979,0.05029907558455683,0.07626820124346939,0.0,0.07524095761218777,0.3335459183673469,0.45248724073566465,0
0.17453505007153075,0.8649911724997404,0.9090909090909092,0.8407325194228636,0.03887982599238718,0.01798536691856099,0.0,0.8725256503264586,0.4228316326530613,0.670582553419222,0
0.1688125894134478,0.813064700384256,0.8181818181818182,0.8502127266000741,0.042142468733007074,0.0021160758883403148,0.0,0.9336718830966939,0.371811224489796,0.6918523449635172,0
0.5636623748211731,0.5513552809222143,0.0,0.7887532371439143,0.025829255029907572,0.6022452183791339,0.0,0.16571665457560367,0.1560374149659864,0.2991933273289737,1
0.31187410586552217,0.48385086717208436,0.0,0.7519885312615613,0.017400761283306143,0.02647216560095993,0.0,0.24137216291843713,0.18367346938775514,0.5344075915991178,2
0.30615164520743915,0.46931145497974874,1.0,0.6891879393266742,0.03860793909733551,0.7556210981815245,0.0,0.23826303243859467,0.372874149659864,0.14390231167847967,1
0.5765379113018598,0.6198982241146537,0.0,0.8273677395486498,0.008428493746601429,0.03311845372573019,0.0,0.23100839465229553,0.7055697278911566,0.2666979937606872,2
0.6108726752503577,0.5357773392875689,0.18181818181818182,0.7799667036625972,0.01957585644371941,0.40899160982812194,0.0,0.06508446471136906,0.09970238095238097,0.4098889193457859,1
0.5293276108726752,0.572125869768408,0.7272727272727273,0.788568257491676,0.05138662316476346,0.19835540156617226,0.0,0.16675303140221784,0.34098639455782315,0.5081124120557101,0
0.5007153075822603,0.692595285076332,0.0,0.8185812060673328,0.03398586188145733,0.0891517751468702,0.0,0.1719349155352886,0.24426020408163268,0.4941196433932465,2
0.3190271816881259,0.30314674421019844,0.36363636363636365,0.5295967443581208,0.08972267536704731,0.9018394369264702,0.0,0.07047362420976266,0.373937074829932,0.25286186056832577,1
0.5278969957081545,0.4547720427874131,0.0,0.6893729189789124,0.019032082653616098,0.31798858781203687,0.0,0.08280650844647114,0.35586734693877553,0.33777786479748345,2
0.6280400572246065,0.692595285076332,0.5454545454545454,0.8519700332963376,0.200652528548124,0.11041989714613501,0.0,0.10457042180536844,0.3218537414965987,0.5583989244364389,0
0.2875536480686695,0.6707861667878285,0.5454545454545454,0.7869959304476508,0.08238172920065254,0.22391804819990402,0.0,0.13669810343040728,0.29846938775510207,0.47737922752607337,0
0.1316165951359084,0.5451241042683561,0.8181818181818182,0.7639197188309288,0.06307775965198478,0.13393753204916825,0.0,0.030262203337133378,0.19749149659863946,0.5975121066165434,0
0.5865522174535049,0.6874026378647836,0.18181818181818182,0.8055863854975953,0.05546492659053835,0.2740208356020183,0.0,0.10457042180536844,0.3813775510204082,0.26042604847867806,2
0.5736766809728182,0.6905182261917125,0.4545454545454546,0.7837587865334814,0.19222403480152256,0.35377629309926134,0.0,0.14187998756347808,0.6534863945578233,0.2665348318126641,2
0.5107296137339055,0.4329629244989096,0.2727272727272727,0.7220680725120238,0.07177814029363785,0.462161914826284,0.0,0.10560679863198258,0.2740221088435374,0.21453185573873207,1
0.47496423462088705,0.6313220479800603,1.0,0.8499815020347763,0.040511147362697134,0.19937790743152153,0.0,0.012954710332676964,0.1634778911564626,0.5135620211196827,0
0.47210300429184554,0.575241458095337,0.5454545454545454,0.7416296707362191,0.24415443175638935,0.5490749133809719,0.0,0.14498911804332054,0.6130952380952382,0.7304368824320269,1
0.8011444921316166,0.6354761657492991,0.0,0.8134942656307806,0.0965198477433388,0.02729017029323935,9.344978165938863e-05,0.09938853767229763,0.3824404761904762,0.3973515552596886,2
0.648068669527897,0.7268667566725517,0.18181818181818182,0.8343044765075842,0.0255573681348559,0.235165612718746,0.0,0.11700694372473833,0.5727040816326531,0.46906449465481465,2
0.6738197424892705,0.5773185169799564,0.18181818181818182,0.634757676655568,0.2169657422512235,0.5347598312660822,0.0,0.07016271116177841,0.42920918367346944,0.18221926355223145,1
0.5679542203147352,0.3737667462872573,0.5454545454545454,0.6383185349611543,0.047852093529091894,0.8588941905818007,0.0,0.32635506270079806,0.3622448979591837,0.6123598438866484,1
0.6409155937052933,0.6780558728839964,0.4545454545454546,0.7478727339992601,0.07205002718868952,0.12268996753032625,2.0305676855895194e-05,0.1263343351642657,0.1347789115646259,0.4942958582971116,2
0.6108726752503577,0.6396302835185379,0.36363636363636365,0.8947928227894932,0.02365415986949429,0.1840403194512825,0.0,0.07337547932428232,0.1900510204081633,0.44834292725587716,2
0.31044349070100136,0.6365146951916087,0.09090909090909091,0.9174528301886793,0.14056552474170744,0.43557676232720294,0.0,0.1574256399626904,0.4366496598639456,0.17792484108026269,2
0.15450643776824036,0.7081732267109773,0.8181818181818182,0.7467166111727711,0.18977705274605766,0.018598870437770552,0.0,0.03316405845165302,0.37925170068027214,0.15134249650833426,0
0.22174535050071525,0.6780558728839964,0.18181818181818182,0.8362930077691455,0.20473083197389885,0.030562189062357012,0.0,0.30977303347497154,0.2995323129251701,0.7047943506807117,2
0.4034334763948498,0.7403676394225777,0.2727272727272727,0.7225305216426194,0.03398586188145733,0.002412602589291603,4.9999999999999996e-06,0.06218260959684941,0.09226190476190478,0.4622834840949734,2
0.5650929899856938,0.8400664658843079,0.4545454545454546,0.7980484646688866,0.04758020663404025,0.04201425475426884,0.006648471615720524,0.08280650844647114,0.3579931972789116,0.2337914920833824,2
0.2818311874105866,0.49839027936442004,0.4545454545454546,0.7062985571587126,0.05872756933115825,0.6053127359751818,0.0,0.09938853767229763,0.296343537414966,0.7233752333215859,1
0.5164520743919885,0.39246027624883173,0.9090909090909092,0.6661579726230116,0.05356171832517674,0.606335241840531,4.901746724890829e-06,0.07969737796662865,0.24426020408163268,0.4286917022359715,1
0.5264663805436336,0.7434832277495068,0.18181818181818182,0.7222992970773217,0.030995106035889078,0.008486287429466268,0.0,0.08902476940615608,0.11033163265306122,0.4565728159141638,2
0.6666666666666667,0.7777546993457266,1.0,0.7147613762486127,0.17672648178357805,0.07013316605137376,0.0020524017467248904,0.3812830345113484,0.30909863945578236,0.3779874952683036,0
0.43919885550786836,0.4713885138643681,0.2727272727272727,0.7198020717721052,0.00516585100598152,0.5562324544384168,0.006528384279475982,0.1719349155352886,0.2602040816326531,0.22731722598582454,1
0.5250357653791129,0.5638176342299305,0.8181818181818182,0.8099334073251943,0.015769439912996203,0.04947854757131851,0.000455240174672489,0.2703907140636335,0.35161564625850344,0.26009319810471093,0
0.5307582260371959,0.5980891058261503,0.7272727272727273,0.5794950055493896,0.021750951604132693,0.06880390842641972,0.45196506550218335,0.054617058762566055,0.0,0.5605265562386603,0
0.659513590844063,0.5700488108837886,0.36363636363636365,0.7667869034406216,0.01196302338227298,0.017883116332026064,0.0032096069868995628,0.12529795833765156,0.24851190476190482,0.4299578389526309,2
0.6623748211731044,0.6728632256724479,1.0,0.7437106918238995,0.05492115280043504,0.15132013176010584,5.775109170305676e-05,0.2890454969426884,0.4834183673469388,0.44268447089843505,0
0.4463519313304721,0.7330979333264098,0.5454545454545454,0.8178412874583797,0.08564437194127245,0.3496862696378643,0.0011026200873362445,0.2963001347289875,0.6619897959183675,0.7818459490151548,0
0.3319027181688126,0.30314674421019844,0.7272727272727273,0.6365612282648909,0.07857531266992931,0.9110419897146136,5.218340611353711e-06,0.12011607420458076,0.24319727891156467,0.7556356136847191,1
0.3161659513590844,0.709211756153287,0.4545454545454546,0.7560580836108028,0.038064165307232195,0.08608425755082239,0.0,0.10353404497875426,0.6726190476190478,0.7818459490151548,2
0.5207439198855508,0.3737667462872573,0.6363636363636364,0.7704864964853867,0.01794453507340947,0.3793389397329931,0.0,0.2133899885998549,0.30165816326530615,0.27192570257534826,1
0.5264663805436336,0.6053588119223181,0.8181818181818182,0.43867924528301894,0.021479064709081022,0.17279275493244053,0.9999999999999999,0.08384288527308528,0.14965986394557823,0.6315411624962475,0
0.7439198855507869,0.558624987018382,0.09090909090909091,0.6922863485016648,0.2985318107667211,0.6349654060703106,0.0,0.15949839361591872,0.3324829931972789,0.29945438644581074,1
0.5107296137339055,0.645861460172396,0.09090909090909091,0.7507399186089532,0.025013594344752588,0.046615531148340564,0.0,0.09938853767229763,0.18792517006802723,0.37721084439571345,2
0.07725321888412018,0.6032817530376987,0.7272727272727273,0.7573529411764707,0.06579662860250135,0.2525482124296836,0.0,0.10353404497875426,0.25063775510204084,0.8857931628617302,0
0.5107296137339055,0.6344376363069893,0.0,0.6855808361080282,0.10766721044045677,0.10939739128078574,1.0807860262008733e-05,0.4372473831485128,0.5163690476190478,0.7562621555651279,2
0.8183118741058657,0.7715235226918684,0.5454545454545454,0.8646873843877174,0.5812941816204459,0.037924231292871764,2.5545851528384275e-06,0.5108301378381179,0.49723639455782315,0.16922504601166938,0
0.35193133047210307,0.3893446879219027,0.2727272727272727,0.5901775804661489,0.006253398586188147,0.14211757897196242,0.9235807860262008,0.11597056689812416,0.3059098639455783,0.25835062849982376,1
0.5135908440629471,0.2512202720947139,0.36363636363636365,0.7640122086570478,0.015497553017944546,0.8578716847164515,1.5938864628820958e-06,0.06622447922064462,0.021258503401360554,0.36468000678753704,1
0.2775393419170244,0.8514902897497145,0.18181818181818182,0.7660007399186091,0.02093529091897771,0.0006804776533899392,0.0,0.13773448025702145,0.6875000000000002,0.7870475519181321,2
0.4449213161659514,0.5918579291722921,0.18181818181818182,0.8334258231594526,0.01114736269711801,0.0015332475450912308,0.0,0.05295885583998342,0.21024659863945577,0.4937411076738329,2
0.542203147353362,0.7445217571918165,0.5454545454545454,0.7576304106548282,0.078031538879826,0.013077338764884492,0.001168122270742358,0.12529795833765156,0.16985544217687076,0.5930806281082353,0
0.5250357653791129,0.6468999896147056,0.9090909090909092,0.8385127635960046,0.03153887982599239,0.5961101831870383,0.0,0.09317027671261272,0.45365646258503406,0.14255785722676906,0
0.7567954220314737,0.8525288191920242,0.09090909090909091,0.8561320754716982,0.5323545405111474,0.006267449701658352,0.0,0.024354855425432684,0.5386904761904764,0.22090169818955502,2
0.5622317596566524,0.7985252881919204,0.6363636363636364,0.7944413614502406,0.11663947797716154,0.01008139657941113,1.48471615720524e-06,0.37610115037827757,0.217687074829932,0.3911448747568888,0
0.34334763948497854,0.6645549901339705,0.8181818181818182,0.8703292637809842,0.004893964110929863,0.06133961560937005,2.783842794759825e-05,0.05979894289563684,0.2814625850340136,0.7692759525394528,0
0.6409155937052933,0.2761449787101465,0.18181818181818182,0.5757954125046246,0.013866231647634591,0.8916143782729774,0.0,0.09213389988599854,0.27508503401360546,0.325260080145149,1
0.3261802575107296,0.3986914529026898,0.4545454545454546,0.8594617092119868,0.07911908646003263,0.5102196904976997,0.00018122270742358077,0.3678101357653643,0.3441751700680272,0.2886204330970749,1
0.0,0.3291099802679407,0.5454545454545454,0.6622733999260082,0.023110386079390977,0.8946818958690252,3.2751091703056766e-06,0.06808995750855013,0.10182823129251702,0.8616778269439118,1
0.05865522174535048,0.4848893966143941,0.18181818181818182,0.7359877913429524,0.02990755845568245,0.7719811920271128,0.0,0.22582651051922478,0.31972789115646266,0.0,1
0.5121602288984262,0.893031467442102,0.7272727272727273,0.8552996670366261,0.1566068515497553,0.09794532558887391,0.00010884279475982532,0.3201368017411131,0.2814625850340136,0.24053987025361895,0
0.44062947067238917,0.23771938934468792,0.8181818181818182,0.32352941176470595,0.09434475258292552,0.8343540498134182,0.9334061135371178,0.1698621618820603,0.2814625850340136,0.017588857996893414,1
0.31044349070100136,0.7569841104995327,0.18181818181818182,0.7859322974472809,0.03398586188145733,0.010623324688046243,0.1222707423580786,0.42791999170898537,0.5514455782312927,0.6393207241779904,2
0.43061516452074394,0.862914113615121,0.8181818181818182,0.8292637809840918,0.08455682436106582,0.009140691183289801,0.011790393013100435,0.4134107161363872,0.412202380952381,0.24073566459124668,0
0.39055793991416304,0.2512202720947139,0.6363636363636364,0.636977432482427,0.026373028820010885,0.81799395596783,0.0,0.2320447714789097,0.10395408163265309,0.41447050684627545,1
0.2746781115879829,0.4713885138643681,0.7272727272727273,0.6952460229374771,0.01794453507340947,0.05407982396539023,2.3362445414847157e-06,0.09317027671261272,0.18473639455782315,0.7311286890916449,0
0.6752503576537912,0.8317582303458304,0.0,0.8109507954125048,0.018216421968461127,0.021666388033818363,1.353711790393013e-05,0.5367395585034719,0.642857142857143,0.4171528892717757,2
0.4549356223175966,0.8732994080382179,0.0,0.7954587495375509,0.08863512778684068,0.0029238555219662384,8.493449781659387e-05,0.07192455176702248,0.22193877551020408,0.5621385962851289,2
0.5078683834048641,0.588742340845363,0.8181818181818182,0.8533111357750649,0.009244154431756399,0.2136929895464113,5.545851528384279e-05,0.11078868276505338,0.10289115646258505,0.32555377165159055,0
0.6523605150214593,0.39453733513345113,0.09090909090909091,0.7218830928597855,0.15171288743882547,0.8967269075997237,0.0008351528384279474,0.08798839257954191,0.7480867346938777,0.18114892117319975,1
0.5207439198855508,0.8452591130958563,0.36363636363636365,0.8296337402885683,0.0367047308319739,0.013281839937954345,0.010655021834061133,0.5149756451445745,0.45259353741496605,0.5863061440263149,2
0.8626609442060087,0.6063973413646278,0.9090909090909092,0.6773492415834259,0.2050027188689505,0.2320980951226982,0.0,0.07969737796662865,0.4249574829931973,0.4303363746720446,0
0.413447782546495,0.9324955862498704,0.36363636363636365,0.9241120976692565,0.23327895595432302,0.006400375464153758,0.0,0.058969841434345534,0.5376275510204083,0.6590176345433427,2
0.3204577968526466,0.24498909544085576,0.36363636363636365,0.48242693303736606,0.07340946166394782,0.9744373533662682,0.003733624454148471,0.06757176909524304,0.24851190476190482,0.23125269217214234,1
0.3619456366237482,0.5897808702876727,0.09090909090909091,0.835599334073252,0.030995106035889078,0.1738152607977898,0.0,0.29215462742253084,0.14434523809523808,0.5223531868791689,2
0.5379113018597996,0.920033232942154,0.4545454545454546,0.9021457639659638,0.1789015769439913,0.012157083486070148,0.0,0.09731578401906932,0.602465986394558,0.2504079048700579,2
0.47639484978540775,0.9885761761345935,0.36363636363636365,0.9339160192378839,0.3610657966286025,0.0032715075161849905,5.600436681222707e-05,0.05648253705047155,0.23788265306122452,0.5273655219224394,2
0.4148783977110157,0.8525288191920242,0.36363636363636365,0.9168978912319645,0.048123980424143564,0.019416875130049967,0.0,0.28697274328946004,0.7704081632653063,0.5209499941261702,2
0.09442060085836912,0.9117249974036765,0.7272727272727273,0.9201812800591936,0.10821098423056011,0.008782814130417557,0.0,0.3004456420354441,0.6619897959183675,0.49513124747098985,0
0.21316165951359084,0.9418423512306575,0.09090909090909091,0.8599241583425824,0.6030451332245785,0.024120402110656608,0.0,0.17711679966835941,0.3176020408163266,0.7439597446841839,2
0.05150214592274677,0.9657285284037803,1.0,0.9938494265630782,0.19630233822729742,0.08864052221419556,2.7729257641921393e-06,0.3999378173904031,0.413265306122449,0.7586443200062656,0
0.25894134477825465,1.0,0.5454545454545454,0.9745652978172402,0.22512234910277323,0.0024535028239055737,0.0006713973799126636,0.3325733236604829,0.06420068027210885,0.3774980094242341,0
0.4105865522174535,0.8857617613459343,0.09090909090909091,0.8658435072142066,0.09189777052746059,0.022075390379958072,0.0,0.16675303140221784,0.6184098639455784,0.23728968424899827,2
0.178826895565093,0.9916917644615226,0.09090909090909091,0.9304014058453571,0.40184883088635126,0.003885011035394552,0.0,0.1553528863094621,0.39200680272108845,0.8335943924501705,2
0.540772532188841,0.9003011735382699,1.0,0.8214946355900852,0.029091897770527467,0.0007970433220397562,4.421397379912663e-06,0.13980723391024977,0.6651785714285716,0.299604495437992,0
0.5493562231759657,0.947034998442206,1.0,0.8378653348131706,0.05437737901033171,0.0014105468412493182,1.8995633187772922e-05,0.1698621618820603,0.5206207482993198,0.3128728250512329,0
0.4964234620886982,0.9241873507113928,0.4545454545454546,0.8394839067702553,0.25231103860793913,0.03639047249484786,0.0,0.19991708985387086,0.255952380952381,0.4826265157744973,2
0.6180257510729614,0.7891785232111331,0.09090909090909091,0.874583795782464,0.056008700380641666,0.02555191032214559,0.00016048034934497814,0.08280650844647114,0.3335459183673469,0.5605069768048976,2
0.44062947067238917,0.9314570568075606,0.5454545454545454,0.9004809470958195,0.377379010331702,0.0044780644372971285,0.0,0.293191004249145,0.4313350340136055,0.26647609351137574,0
0.48783977110157367,0.9210717623844638,0.2727272727272727,0.8386514983351833,0.07422512234910278,0.0034248833959873806,0.0,0.3636646284589077,0.4207057823129252,0.29965018078343847,2
0.547925608011445,0.9231488212690832,0.4545454545454546,0.8049389567147616,0.13458401305057097,0.0027193543488963842,0.0,0.057000725463778636,0.43771258503401367,0.4296837268799521,2
0.4592274678111588,0.9408038217883479,0.36363636363636365,0.9935719570847208,0.09216965742251224,0.009754194702499363,0.0,0.45590216602756767,0.6970663265306123,0.25017295166490455,2
0.42775393419170243,0.8971855852113408,0.6363636363636364,0.9372918978912321,0.16802610114192496,0.05060330402320271,0.0,0.07586278370815627,0.31228741496598644,0.5279072195898762,0
0.15450643776824036,0.9719597050576385,0.6363636363636364,0.8759248982611914,0.2849374660141381,0.0037111850382851763,0.0,0.20820810446678412,0.2814625850340136,0.26578428685175765,0
0.3705293276108727,0.9781908817114966,0.18181818181818182,0.9015445800961895,0.24959216965742254,3.711696291217851e-05,0.0,0.17608042284174524,0.14647108843537415,0.49627990758507284,2
0.3261802575107296,0.9439194101152769,0.18181818181818182,0.9405290418054015,0.07205002718868952,0.0,0.148471615720524,0.306663902995129,0.36543367346938777,0.24379005625823974,2
0.25894134477825465,0.8743379374805277,0.09090909090909091,0.8980299667036626,0.06470908102229472,0.0002990829656146615,0.0,0.3336097004870971,0.18686224489795922,0.26639777577632456,2
0.48211731044349077,0.9543047045383737,0.18181818181818182,0.8117369589345174,0.11663947797716154,0.002433052706598589,0.00012445414847161572,0.12840708881749402,0.7289540816326532,0.8217879938912169,2
0.33905579399141633,0.9221102918267734,0.4545454545454546,0.8524787273399927,0.09026644915715062,0.022995645658772414,0.0,0.30873665664835737,0.5918367346938777,0.6901946195716022,2
0.22746781115879827,0.9044552913075087,1.0,0.8796244913059564,0.18162044589450788,0.000630374865987825,0.0,0.1885169447611151,0.3622448979591837,0.7618292412316772,0
0.4091559370529327,0.9189947034998444,0.09090909090909091,0.7864872364039956,0.06443719412724308,0.5736150541493544,1.2336244541484714e-06,0.08487926209969945,0.49723639455782315,0.23699599274255662,2
0.3319027181688126,0.9948073527884516,0.0,0.8630688124306327,0.17020119630233824,0.2249405540652533,0.0,0.24344491657166548,0.1741071428571429,0.6907232642831971,2
0.3590844062947068,0.8857617613459343,0.4545454545454546,1.0,0.12126155519303969,4.672851804646165e-05,0.00033515283842794753,0.3584827443258369,0.4834183673469388,0.5920690240304918,2
0.5050071530758227,0.686364108422474,0.5454545454545454,0.7746022937476879,0.06280587275693314,0.272998329736669,0.0,0.11597056689812416,0.19217687074829937,0.23388286277427522,0
0.6266094420600858,0.675978813999377,0.0,0.6264335923048465,0.05138662316476346,0.0346522125237541,2.172489082969432e-06,0.10871592911182507,0.5854591836734695,0.4829202072809388,2
0.26037195994277545,0.7258282272302421,0.36363636363636365,0.7865334813170552,0.10685154975530181,0.004314463498841246,0.00010611353711790392,0.07969737796662865,0.27827380952380953,0.8339272428241378,2
0.6294706723891272,0.9127635268459862,0.5454545454545454,0.8535886052534223,0.14790647090810224,0.0982520773484787,2.2598253275109167e-06,0.03917504404601512,0.7321428571428572,0.44288679171398376,0
0.3719599427753934,0.96676705784609,0.0,0.9806696263411026,0.1277868406742795,0.043957015898432455,0.0,0.13980723391024977,0.4929846938775511,0.2702157653600659,2
0.5050071530758227,0.8276041125765916,0.18181818181818182,0.8298649648538662,0.16476345840130507,0.00478481619690191,2.958515283842794e-06,0.0693336097004871,0.4164540816326531,0.285990262494942,2
0.02145922746781115,0.9065323501921281,0.09090909090909091,0.8977987421383649,0.12533985861881458,0.001829774246042519,0.0,0.200953466680485,0.3622448979591837,0.6777877850439233,2
0.47782546494992856,0.9273029390383218,0.5454545454545454,0.8300499445061045,0.18896139206090268,0.010316572928441462,0.0,0.2424085397450513,0.7916666666666669,0.6262808212919817,0
0.24749642346208872,0.9418423512306575,0.6363636363636364,0.8762948575656679,0.13512778684067428,0.0015639227210517087,0.0,0.1315162192973365,0.5790816326530613,0.6643171346151338,0
0.31330472103004287,0.977152352269187,0.6363636363636364,0.9402978172401038,0.061990212071778156,0.00018558481456089256,0.0,0.2880091201160742,0.4929846938775511,0.2729895184764591,0
0.2460658082975679,0.977152352269187,1.0,0.9544487606363301,0.20880913539967377,0.001349196489328362,0.0,0.29837288838221576,0.6630527210884355,0.8706452076072628,0
0.7296137339055795,0.7009035206148094,0.6363636363636364,0.696402145763966,0.0649809679173464,0.07207592719553738,0.4170305676855895,0.14291636439009223,0.5068027210884355,0.5277897429872995,0
0.5150214592274678,0.856682936961263,0.5454545454545454,0.8777284498705143,0.024741707449700945,0.009917795640955247,0.0,0.16778940822883198,0.8107993197278913,0.5926498805654541,0
0.5078683834048641,0.93353411569218,0.18181818181818182,0.9552349241583427,0.02963567156063078,0.0042837883228807674,0.0,0.18748056793450096,0.8586309523809526,0.5600044380049862,2
0.39198855507868374,0.9345726451344897,0.09090909090909091,0.9661487236403997,0.07395323545405114,0.060419360330555706,0.0,0.21028085812001243,0.7693452380952382,0.8218271527587424,2
0.3719599427753934,0.5046214560182782,0.8181818181818182,0.6809563448020719,0.023110386079390977,0.3568438106953091,0.0,0.2133899885998549,0.49617346938775514,0.23426139849368893,0
0.4907010014306152,0.916917644615225,0.4545454545454546,0.917915279319275,0.13784665579119085,0.0007827282399248663,0.0,0.3574463674992227,0.1624149659863946,0.44293247705943023,2
0.5236051502145922,0.9449579395575867,0.09090909090909091,0.9359970403255643,0.18597063621533444,0.1145099206075321,1.1681222707423579e-06,0.35433723701938025,0.8469387755102041,0.7301431909255853,2
0.6809728183118742,0.8203344064804238,0.7272727272727273,0.8877635960044397,0.06905927134312126,0.3292361523308789,0.0,0.09835216084568349,0.8288690476190477,0.5480283510200887,0
0.7081545064377681,0.6572852840378026,0.0,0.8799019607843138,0.004078303425774893,0.4141041391548683,1.5065502183406112e-06,0.03378588454762151,0.5227465986394559,0.2733876336296354,2
0.5693848354792561,0.9480735278845156,0.7272727272727273,0.9631890492045876,0.265905383360522,0.06133961560937005,0.0,0.08487926209969945,0.6556122448979593,0.6124251086658574,0
0.47925608011444926,0.9096479385190571,0.09090909090909091,0.8427210506844248,0.5296356715606307,0.01205483289953522,0.0,0.31080941030158565,0.7555272108843539,0.9512863687982145,2
0.7553648068669527,0.9864991172499742,0.4545454545454546,0.9411764705882354,0.4290375203915171,0.15745516695220146,0.0,0.346046222406467,0.9436649659863947,0.3976126143765257,2
0.4034334763948498,0.7403676394225777,0.2727272727272727,0.7225305216426194,0.03398586188145733,0.002412602589291603,4.9999999999999996e-06,0.06218260959684941,0.09226190476190478,0.4622834840949734,2
0.47353361945636624,0.990653235019213,0.5454545454545454,0.9403903070662228,0.11827079934747145,0.0005311917970489458,3.799126637554585e-06,0.30977303347497154,0.6566751700680273,0.26015846288392014,0
0.5278969957081545,0.9511891162114446,0.09090909090909091,0.8256104328523863,0.21968461120174004,0.0021058508296868217,3.6681222707423576e-06,0.06632811690330603,0.2687074829931973,0.31188080040725236,2
0.592274678111588,0.950150586769135,0.18181818181818182,0.8336108028116909,0.046492659053833624,0.009600818822696974,7.074235807860261e-06,0.07316820395895945,0.9787414965986395,0.6782446384983882,2
0.21602288984263235,0.9729982344999482,1.0,0.9125046244913061,0.3556280587275693,0.0008185159452120908,0.00011899563318777292,0.3802466576847342,0.4696003401360544,0.7902651055331482,0
0.3791130185979971,0.9459964689998963,0.18181818181818182,0.8391601923788384,0.12561174551386625,0.009355417415013148,0.04606986899563319,0.2952637579023733,0.4005102040816327,0.5865998355327566,2
0.3361945636623748,0.8473361719804757,0.09090909090909091,0.8221420643729191,0.15524741707449702,0.0010628948470305663,0.0,0.1574256399626904,0.5174319727891158,0.8408518358982393,2
0.3705293276108727,0.916917644615225,0.4545454545454546,0.795042545320015,0.10902664491571507,0.000584362102047108,5.589519650655021e-05,0.37402839672504923,0.46534863945578236,0.5810262233882864,2
0.34620886981402005,0.8639526430574308,0.5454545454545454,0.9560210876803552,0.042414355628058745,0.017065111639746645,0.0,0.18333506062804436,0.760841836734694,0.5542937698241768,0
0.39628040057224606,0.7819088171149653,0.6363636363636364,0.9093599704032558,0.026101141924959215,0.0357769689756383,0.0,0.3056275261685149,0.4568452380952381,0.22137160459986166,0
0.31187410586552217,0.9345726451344897,1.0,0.8220495745467999,0.26046764545948886,5.766933080569884e-05,0.029148471615720522,0.09317027671261272,0.644982993197279,0.8215530406860636,0
0.10586552217453499,0.9813064700384257,1.0,0.8560858305586386,0.17645459488852638,0.010101846696718115,0.0,0.4372473831485128,0.10182823129251702,0.2920794663951653,0
0.3247496423462089,0.9324955862498704,0.5454545454545454,0.7879208287088422,0.5350734094616639,0.030766690235426865,4.65065502183406e-06,0.06726085604725879,0.5386904761904764,0.3294370260145411,0
0.3261802575107296,0.9615744106345415,0.6363636363636364,0.8451257861635221,0.4834148994018489,0.004692790669020476,0.0,0.12840708881749402,0.413265306122449,0.7559031992794771,0
0.38769670958512154,0.9065323501921281,0.09090909090909091,0.8423048464668887,0.39369222403480153,0.013690842284094054,0.0,0.28179085915638924,0.6375425170068029,0.6386550234300559,2
0.5121602288984262,0.856682936961263,0.5454545454545454,0.8597854236034037,0.09706362153344211,0.06778140256107044,0.0,0.30459114934190074,0.725765306122449,0.41060683191708774,0
0.3161659513590844,0.9844220583653547,0.18181818181818182,0.9402978172401038,0.42088091353996737,0.003036331167154658,2.074235807860262e-05,0.13669810343040728,0.36755952380952384,0.7504470637375835,2
0.8669527896995708,0.7891785232111331,0.09090909090909091,0.8020717721050685,0.04187058183795543,0.053568571032715596,0.0012117903930131005,0.08902476940615608,0.9585459183673469,0.4299317330409472,2
0.6022889842632331,0.8089105826150172,0.18181818181818182,0.787828338882723,0.2142468733007069,0.0172696128128165,0.0005425764192139738,0.1574256399626904,0.2708333333333333,0.49517693281643643,2
0.7610872675250357,0.5337002804029495,0.6363636363636364,0.21027561968183517,0.7444263186514409,0.17586027252848832,6.986899563318776e-06,0.08487926209969945,0.34523809523809523,0.808428293587083,0
0.9184549356223175,0.5814726347491952,1.0,0.8050314465408805,0.1587819467101686,0.045797526456061145,6.506550218340611e-06,0.07969737796662865,0.6014030612244899,0.30601349675634054,0
0.4048640915593705,0.96676705784609,1.0,0.9935719570847208,1.0,0.030153186716217303,0.0,0.45072028189449687,0.8203656462585036,0.7795943141324355,0
0.742489270386266,0.7310208744417905,0.0,0.9264243433222347,0.8205546492659054,0.17483776666313908,0.0,0.046533319514975656,0.5025510204081634,0.41637623839918564,2
0.9399141630901289,0.5150067504413751,0.0,0.7441268960414356,0.03507340946166396,0.5603224778998139,0.00012554585152838428,0.07648460980412478,0.7534013605442178,0.4889963582253202,2
0.6781115879828328,0.4630802783258906,0.0,0.6400758416574177,0.01604132680804786,0.7822062506806056,0.0,0.06808995750855013,0.40582482993197283,0.16820691545600502,1
0.6523605150214593,0.5690102814414789,0.4545454545454546,0.7632260451350352,0.009516041326808056,0.6267853591475164,0.00039628820960698684,0.0628044356928179,0.5599489795918368,0.14285807521113159,1
0.6509298998569386,0.46723439609512935,0.09090909090909091,0.6561690714021459,0.04758020663404025,0.6574605351079945,0.0,0.10042491449891178,0.642857142857143,0.5811241205571003,1
0.5851216022889842,0.6333991068646797,1.0,0.7516648168701443,0.020391517128874395,0.05091005578280749,1.5720524017467248e-05,0.1439527412167064,0.4323979591836735,0.3190468731644282,0
0.39484978540772525,0.7330979333264098,0.09090909090909091,0.7551331853496117,0.03724850462207724,0.4406892916539493,0.0,0.13047984247072233,0.5004251700680273,0.3101382308023652,2
0.24320457796852651,0.6365146951916087,0.9090909090909092,0.8068349981502037,0.13811854268624252,0.02043938099539924,8.362445414847161e-05,0.06197533423152659,0.7395833333333335,0.848128858780071,0
0.6394849785407726,0.8244885242496626,0.0,0.8403163152053275,0.020119630233822752,0.00016922472071530421,0.00408296943231441,0.08177013161985697,0.7725340136054423,0.4165328738692878,2
0.4549356223175966,0.8691452902689792,0.18181818181818182,0.78708842027377,0.18026101141924958,0.014713348149443323,0.06517467248908297,0.21131723494662658,0.5195578231292518,0.23441803396379118,2
0.4964234620886982,0.7247896977879323,0.0,0.8931742508324085,0.0076128330614464446,0.16768022560569418,0.0,0.09006114623277023,0.8235544217687075,0.1722206993773741,2
0.6237482117310444,0.5440855748260465,0.09090909090909091,0.8142804291527933,0.011691136487221324,0.02135963627421358,9.661572052401745e-06,0.1128614364182817,0.1358418367346939,0.2343397162287401,2
0.8354792560801145,0.6977879322878804,0.18181818181818182,0.8702830188679247,0.02120717781402938,0.09671831855045479,0.09814410480349343,0.10975230593843921,0.19217687074829937,0.4302058451136261,2
0.6309012875536482,0.645861460172396,0.8181818181818182,0.7088420273769886,0.05709624796084829,0.003977036563275986,0.17576419213973798,0.045082391957715816,0.38881802721088443,0.46263591390270337,0
0.6251788268955651,0.7995638176342301,0.6363636363636364,0.5053644099149094,0.07748776508972266,0.3547987989646106,0.004246724890829693,0.08177013161985697,0.5269982993197281,0.3780984453929593,0
0.5822603719599428,0.8421435247689273,0.6363636363636364,0.8497502774694785,0.048123980424143564,0.08056272587793632,0.0,0.6165405741527619,0.8905187074829933,0.44948506089203905,0
0.5507868383404864,0.8577214664035726,0.8181818181818182,0.8123843877173511,0.05546492659053835,0.06982641429176899,0.0,0.2548450616644212,0.3239795918367347,0.4297881505266868,0
0.5765379113018598,0.8016408765188494,0.5454545454545454,0.711986681465039,0.07911908646003263,0.00554147053726037,0.0014956331877729256,0.24344491657166548,0.5089285714285715,0.43014058033441677,0
0.4463519313304721,0.9117249974036765,0.18181818181818182,0.810488346281909,0.048395867319195235,0.00527561901226956,0.0,0.2372266556119805,0.6513605442176872,0.136103170562974,2
0.5436337625178826,0.5150067504413751,0.9090909090909092,0.6271735109137996,0.02365415986949429,0.06931516135909435,0.16266375545851525,0.10146129132552595,0.31653911564625853,0.20152458524232814,0
0.4992846924177397,0.8047564648457786,0.9090909090909092,0.67267850536441,0.09760739532354543,0.0013389714306748692,0.0013100436681222705,0.06788268214322726,0.5769557823129252,0.5308376081763717,0
0.7653791130185981,0.41946204174888363,0.9090909090909092,0.3906307806141325,0.17944535073409462,0.45704938549953766,0.39519650655021826,0.0211420872629288,0.5928996598639457,0.2693607967524247,0
0.8655221745350501,0.5980891058261503,1.0,0.7154550499445063,0.24959216965742254,0.1932428722394259,0.00021834061135371177,0.4154834697896155,0.8671343537414967,0.4232225137382361,0
0.7195994277539342,0.9148405857306056,0.7272727272727273,0.9411764705882354,0.011419249592169667,0.009723519526538885,1.7903930131004364e-05,0.13255259612395065,0.8341836734693878,0.46848363811985233,0
0.8626609442060087,0.6998649911724998,0.6363636363636364,0.8237143914169442,0.24415443175638935,0.07422318951277085,1.5065502183406112e-06,0.12737071199087988,0.7374574829931974,0.4493675842894624,0
0.5636623748211731,0.9138020562882959,0.18181818181818182,0.8775897151313357,0.14491571506253398,0.00019580987321438526,0.06986899563318777,0.09524303036584103,0.39519557823129253,0.4822088211875581,2
0.4892703862660945,0.8816076435766955,0.36363636363636365,0.8775897151313357,0.021479064709081022,0.0004350762457061145,1.1135371179039301e-05,0.18748056793450096,0.296343537414966,0.4403806241923484,2
0.7010014306151644,0.6313220479800603,0.7272727272727273,0.8359692933777285,0.0965198477433388,0.06185086854204468,0.00021179039301310042,0.06995543579645558,0.5450680272108845,0.2792679902363891,0
0.6895565092989984,0.8182573475958044,1.0,0.8295874953755088,0.2052746057640022,0.09896783145422318,0.00035371179039301307,0.08695201575292777,0.7066326530612246,0.3520643249663888,0
0.8097281831187411,0.6520926368262542,1.0,0.7107380688124307,0.02528548123980426,0.6359879119356598,0.0,0.07866100114001451,0.7799744897959185,0.4825155656498415,0
0.7939914163090129,0.7985252881919204,1.0,0.7836200517943027,0.033170201196302346,0.1247349792610248,3.1222707423580782e-06,0.312882163954814,0.6492346938775512,0.2993369098432341,0
0.6680972818311874,0.8338352892304497,0.0,0.7965223825379208,0.05764002175095162,0.02473390562986617,0.0111353711790393,0.3512281065395378,0.6694302721088436,0.4444205140254011,2
0.4105865522174535,0.9023782324228893,0.18181818181818182,0.842073621901591,0.054105492115280054,0.004621215258446027,0.000650655021834061,0.08073375479324282,0.18473639455782315,0.4692276566028378,2
0.4048640915593705,0.6936338145186416,0.0,0.7647058823529413,0.0367047308319739,0.21573800127710985,7.554585152838427e-06,0.31080941030158565,0.39625850340136054,0.23425487201576806,2
0.9685264663805437,0.5773185169799564,1.0,0.6571402145763967,0.03697661772702557,0.43659926819255224,0.000222707423580786,0.05264794279199916,0.7321428571428572,0.39081855086084255,0
0.8369098712446352,0.8660297019420501,0.0,0.8901683314835369,0.024469820554649274,0.27197582387131974,0.00038864628820960693,0.11182505959166752,0.9829931972789118,0.4945569174139485,2
0.6695278969957081,0.7985252881919204,0.18181818181818182,0.8751387347391788,0.006253398586188147,0.012566085832209856,0.0,0.25899056897087785,0.6619897959183675,0.42976204461500317,2
0.6967095851216023,0.8919929379997924,0.5454545454545454,0.9593507214206438,0.13893420337139753,0.05735184273450789,0.0,0.19473520572080005,0.9298469387755104,0.3190142407748235,0
0.486409155937053,0.5264305743067818,0.4545454545454546,0.7134202737698854,0.02202283849918435,0.19017535464337812,0.000287117903930131,0.19888071302725668,0.38881802721088443,0.2016420618449048,2
0.43490701001430615,0.4755426316336069,0.0,0.7040788013318535,0.015225666122892889,0.0030976815190756142,0.0012008733624454147,0.09835216084568349,0.34842687074829937,0.6909908498779549,2
0.8512160228898427,0.6822099906532352,0.7272727272727273,0.9047354790972995,0.034801522566612286,0.05275056634043618,0.00024344978165938863,0.021245724945590218,0.9426020408163267,0.3413152158306249,0
0.7124463519313304,0.829681171461211,0.0,0.696633370329264,0.12289287656334966,0.36297884588740476,0.00014519650655021833,0.08902476940615608,0.8724489795918369,0.26658051715811054,2
0.463519313304721,0.8764149963651471,1.0,0.8291250462449131,0.40184883088635126,0.16052268454824928,0.005545851528384279,0.11493419007151001,0.40688775510204084,0.6896463954262444,0
0.42918454935622313,0.7216741094610033,1.0,0.7914816870144286,0.10494834148994017,0.27811085906341537,0.0,0.0323349569903617,0.4600340136054422,0.1687029277779954,0
0.6566523605150214,0.7206355800186935,0.6363636363636364,0.8163152053274141,0.028276237085372496,0.002903405404659253,8.842794759825327e-05,0.050264276090786604,0.7204506802721089,0.29948049235749447,0
0.642346208869814,0.9511891162114446,0.7272727272727273,0.8834628190899002,0.10005437737901032,0.0486605428790391,0.0,0.05658617473313295,0.8926445578231293,0.5356149900144889,0
0.2002861230329041,0.8878388202305536,0.18181818181818182,0.724056603773585,0.20010875475802065,0.13087001445312044,0.0,0.34397346875323864,0.602465986394558,0.30707731265745136,2
0.26180257510729615,0.3851905701526639,0.09090909090909091,0.6660192378838329,0.4480696030451332,0.7177883811636014,0.4421397379912664,0.3004456420354441,0.16985544217687076,0.29354792392737333,1
0.07296137339055797,0.42777027728736117,1.0,0.7599889012208658,0.039151712887438836,0.10428486195403938,1.4410480349344978e-06,0.08384288527308528,0.05941751700680273,0.8217357820678495,0
0.6666666666666667,0.41842351230657393,0.6363636363636364,0.6251849796522384,0.265905383360522,0.12371247339567552,0.0,0.11078868276505338,0.31653911564625853,0.20065003720092417,0
0.7253218884120172,0.7954096998649913,0.9090909090909092,0.7580928597854237,0.04676454594888527,0.03761747953326698,0.0,0.04591149341900715,0.8926445578231293,0.40404772160655794,0
0.8841201716738196,0.5243535154221624,0.5454545454545454,0.7004716981132076,0.10821098423056011,0.3455962461764672,2.8165938864628818e-05,0.09006114623277023,0.5471938775510206,0.4235423111563615,0
0.8097281831187411,0.7559455810572231,0.36363636363636365,0.8128468368479469,0.07476889613920609,0.15541015522150292,0.0,0.012436521919369885,0.9107142857142859,0.4233595697745755,2
0.6008583690987124,0.889915879115173,0.09090909090909091,0.8323621901590826,0.02202283849918435,0.2648182828138748,0.0,0.04135143538190487,0.8650085034013607,0.2672527443839658,2
0.665236051502146,0.8940699968844118,0.09090909090909091,0.8593692193858676,0.05138662316476346,0.18915284877802885,0.0,0.05959166753031402,0.8033588435374152,0.27984232029343054,2
0.7653791130185981,0.7549070516149133,0.36363636363636365,0.8421198668146506,0.04676454594888527,0.019212373956980115,0.0,0.2714270908902477,0.5376275510204083,0.36470611269922076,2
0.6623748211731044,0.7019420500571192,0.5454545454545454,0.8318534961154274,0.012506797172376294,0.062055369715114536,2.947598253275109e-06,0.14291636439009223,0.5801445578231293,0.5080406207985799,0
0.7796852646638055,0.9408038217883479,0.18181818181818182,0.837079171291158,0.11147362697117999,0.010152971989985578,0.00759825327510917,0.21649911907969738,0.7735969387755104,0.3843769171528893,2
0.5522174535050071,0.9138020562882959,0.6363636363636364,0.8371254162042177,0.16557911908646003,0.012975088178349563,0.0,0.02725671053995233,0.5525085034013607,0.3641383091201003,0
0.69241773962804,0.862914113615121,0.0,0.8419811320754718,0.279499728113105,0.007790983441028764,2.063318777292576e-05,0.2900818737693025,0.6875000000000002,0.2600214068475806,2
0.6452074391988556,0.6666320490185897,1.0,0.8488253792082872,0.026373028820010885,0.00175819883546807,3.111353711790393e-05,0.07762462431340036,0.45578231292517013,0.4036496064533815,0
0.7467811158798283,0.7310208744417905,0.36363636363636365,0.9058916019237885,0.17455138662316477,0.170747743201742,1.5174672489082968e-06,0.3356824541403254,0.4547193877551021,0.38425944055031264,2
0.703862660944206,0.4828123377297747,0.0,0.8248242693303738,0.1408374116367591,0.19017535464337812,0.0,0.09524303036584103,0.5631377551020409,0.1686964013000744,2
0.5665236051502145,0.45788763111434216,0.0,0.5979467258601554,0.01984774333877108,0.6635955703000902,0.03646288209606986,0.07036998652710125,0.488732993197279,0.4301666862461005,1
0.9585121602288984,0.5191608682106139,0.4545454545454546,0.7487513873473919,0.09135399673735725,0.1871078370473303,0.0,0.04798424707223547,0.6960034013605443,0.37780475388651774,2
0.6523605150214593,0.7060961678263579,0.09090909090909091,0.8347669256381799,0.038064165307232195,0.0668611472822561,0.0,0.09627940719245517,0.46534863945578236,0.44303037422824415,2
0.6895565092989984,0.5742029286530274,0.5454545454545454,0.7208194598594155,0.18678629690048937,0.170747743201742,0.0,0.2900818737693025,0.4005102040816327,0.2990889036822389,0
0.6065808297567954,0.862914113615121,0.9090909090909092,0.9045504994450612,0.02882001087547581,0.06379362968620829,0.0,0.3336097004870971,0.879889455782313,0.42593752855334105,0
0.8082975679542204,0.7611382282687715,0.09090909090909091,0.833795782463929,0.03779227841218055,0.043139011206153044,0.0,0.2900818737693025,0.9415391156462587,0.5867238386132541,2
0.8741058655221745,0.7881399937688235,0.09090909090909091,0.7629948205697374,0.052474170744970086,0.22698556579595183,0.008580786026200873,0.05782982692506996,0.8416241496598641,0.29927164506402487,2
0.7024320457796851,0.7310208744417905,0.8181818181818182,0.7721975582685905,0.19956498096791736,0.1359825437798668,0.0,0.02155663799357447,0.4100765306122449,0.29810340551617925,0
0.8826895565092989,0.6624779312493511,0.18181818181818182,0.629347021827599,0.12098966829798805,0.43250924473115515,0.4530567685589519,0.2703907140636335,0.4015731292517007,0.4040999334299253,2
0.7439198855507869,0.7871014643265137,1.0,0.8601091379948207,0.6574225122349103,0.24232315377619087,0.0,0.42377448440252874,0.5482568027210886,0.14930623539700566,0
0.5937052932761087,0.9096479385190571,0.9090909090909092,0.861126526082131,0.4290375203915171,0.08025597411833155,0.0,0.0,0.9107142857142859,0.8213637728263568,0
0.5321888412017166,0.8213729359227334,0.4545454545454546,0.6771180170181281,0.3202827623708537,0.3547987989646106,1.9213973799126635e-06,0.48699347082599237,0.40369897959183676,0.3250251269399957,2
0.8068669527896997,0.648977048499325,0.5454545454545454,0.8241305956344803,0.017400761283306143,0.10939739128078574,1.2336244541484714e-06,0.06777904446056585,0.23681972789115646,0.4630470820117217,0
0.7510729613733906,0.7112888150379064,0.4545454545454546,0.7942101368849428,0.013594344752582935,0.14825261416405802,0.12554585152838427,0.07306456627629807,0.9840561224489798,0.4819216561590373,2
0.8569384835479257,0.8951085263267214,0.8181818181818182,0.892388087310396,0.07096247960848287,0.058578849772927016,3.133187772925764e-06,0.10249766815214009,0.9798044217687075,0.5215830624844997,0
0.7911301859799715,0.5191608682106139,1.0,0.7456067332593416,0.1908646003262643,0.44989184444209274,7.314410480349344e-06,0.06943724738314852,0.5227465986394559,0.17449191369385603,0
0.6294706723891272,0.5814726347491952,0.6363636363636364,0.68645948945616,0.2020119630233823,0.09999033731957245,0.0,0.30355477251528656,0.49511054421768713,0.3648040098680347,0
0.949928469241774,0.8795305846920761,0.09090909090909091,0.7720588235294119,0.312126155519304,0.0486605428790391,0.0012227074235807859,0.030262203337133378,0.8182397959183676,0.4099541841249951,2
0.96137339055794,0.4360785128258387,1.0,0.7801054384017759,0.11364872213159327,0.526579784343288,4.989082969432314e-06,0.07969737796662865,0.7948554421768709,0.5476628682565168,0
0.5021459227467813,0.7808702876726556,0.09090909090909091,0.8320384757676657,0.05165851005981513,0.31696608194668763,0.0,0.08280650844647114,0.3080357142857143,0.21460364699586226,2
0.698140200286123,0.9345726451344897,0.2727272727272727,0.9471420643729191,0.04268624252311039,0.003465783630601351,0.029366812227074233,0.8217431858223649,0.9192176870748301,0.47907611178551396,2
0.7939914163090129,0.8826461730190052,0.8181818181818182,0.79661487236404,0.005437737901033177,0.024529404456796317,5.906113537117903e-06,0.5947766607938646,0.8086734693877553,0.4495372727154065,0
0.5250357653791129,0.8265655831342819,0.0,0.8011006289308177,0.07748776508972266,0.18506282531663176,0.0,0.10249766815214009,0.4355867346938776,0.41695709493414795,2
0.5364806866952789,0.7071346972686676,0.9090909090909092,0.8055863854975953,0.02882001087547581,0.28220088252481246,1.85589519650655e-05,0.06954088506580994,0.3505527210884354,0.44385271044628066,0
0.6523605150214593,0.9761138228268773,0.2727272727272727,0.9042730299667038,0.02963567156063078,0.011339078793790733,0.0015720524017467249,0.054617058762566055,0.4207057823129252,0.48204565923953485,2
0.5064377682403434,0.9439194101152769,0.4545454545454546,0.8074824269330374,0.09923871669385537,0.0021467510643007927,0.0,0.18022593014820187,0.5514455782312927,0.31919698215660947,2
0.5722460658082975,0.7891785232111331,1.0,0.8174713281539032,0.06253398586188147,0.00175819883546807,0.0,0.05295885583998342,0.8150510204081635,0.41670908877315277,0
0.39771101573676676,0.819295877038114,1.0,0.8230669626341104,0.04431756389342034,0.015020099909048104,1.8777292576419213e-06,0.07088817494040833,0.2538265306122449,0.48153006748378185,0
0.6638054363376251,0.8089105826150172,0.5454545454545454,0.7989733629300777,0.02773246329526917,0.0039463613873155085,0.0,0.03378588454762151,0.5642006802721089,0.4558875357324667,0
0.6623748211731044,0.9491120573268252,0.7272727272727273,0.916435442101369,0.3719412724306689,0.19528788397012445,0.0,0.2828272359830034,0.5216836734693879,0.4887679314980879,0
0.665236051502146,0.7611382282687715,0.6363636363636364,0.8967351091379949,0.3637846655791191,0.03986699243703538,0.0,0.3273914395274122,0.5344387755102042,0.5340094764459413,0
0.14163090128755362,0.42361615951812237,0.09090909090909091,0.5996115427302997,0.013050570962479621,0.3967215394439307,9.912663755458513e-05,0.3180640480878848,0.19642857142857145,0.6968059417054995,1
0.5765379113018598,0.7528299927302939,1.0,0.8310210876803552,0.08754758020663406,0.000512786691472659,0.0,0.08073375479324282,0.8490646258503403,0.41651329443552504,0
0.7796852646638055,0.6894796967494029,0.9090909090909092,0.8472992970773217,0.03452963567156064,0.004835941490169374,1.5283842794759823e-05,0.07306456627629807,0.7629676870748301,0.44313479787497884,0
0.6452074391988556,0.920033232942154,0.36363636363636365,0.9592582315945247,0.14790647090810224,0.15745516695220146,0.0003318777292576419,0.1719349155352886,0.5705782312925171,0.24712508647583248,2
0.34191702432045784,0.8546058780766436,0.18181818181818182,0.7791342952275251,0.5377922784121806,0.033731957244939756,8.133187772925763e-05,0.6476318789511866,0.47385204081632654,0.7708618866742376,2
0.2947067238912732,0.8639526430574308,0.0,0.8761098779134296,0.15388798259923872,0.029335182023937888,0.006266375545851528,0.3294641931806405,0.3282312925170068,0.4822414535771627,2
0.7811158798283262,0.736213521653339,0.6363636363636364,0.8663522012578617,0.020119630233822752,0.09048103277182425,0.0,0.10871592911182507,0.7066326530612246,0.43031679523828176,0
0.7854077253218885,0.8307197009035207,0.6363636363636364,0.8768497965223826,0.12479608482871124,0.040684997129314796,2.8711790393013095e-06,0.05668981241579437,0.4323979591836735,0.26677631149573827,0
0.5908440629470673,0.9324955862498704,0.18181818181818182,0.9202275249722531,0.021479064709081022,0.006584426519916625,7.947598253275108e-05,0.0859156389263136,0.7193877551020409,0.48190860320319545,2
0.7153075822603718,0.7746391110187975,0.4545454545454546,0.7414446910839809,0.2903752039151713,0.2136929895464113,5.807860262008733e-06,0.26106332262410614,0.4834183673469388,0.4821696623200325,2
0.8927038626609443,0.8836847024613149,0.5454545454545454,0.8277376988531263,0.4915715062533985,0.1768827783938376,0.8045851528384278,0.14187998756347808,0.6332908163265307,0.4302450039811517,0
0.7525035765379113,0.6354761657492991,0.36363636363636365,0.8021642619311877,0.3175638934203371,0.04722903466755012,2.4999999999999998e-05,0.0363768266141569,0.6471088435374152,0.7560467817937375,2
0.5550786838340487,0.9054938207498184,0.9090909090909092,0.9287365889752128,0.059815116911364874,0.06553188965730206,5.720524017467248e-05,0.039071406363353704,0.5727040816326531,0.41682003889780844,0
0.636623748211731,0.6572852840378026,0.18181818181818182,0.7674343322234556,0.01685698749320283,0.021973139793423142,1.8122270742358076e-06,0.071302725671054,0.1911139455782313,0.29927817154194575,2
0.6337625178826896,0.7206355800186935,0.7272727272727273,0.7962911579726231,0.020663404023926066,0.14620760243335948,3.951965065502183e-05,0.07223546481500673,0.8193027210884356,0.3253253449243581,0
0.6638054363376251,0.8141032298265657,1.0,0.8009156492785795,0.09597607395323546,0.33230366992692667,0.0,0.32220955539434143,0.8937074829931975,0.5149521609168397,0
0.20600858369098712,0.920033232942154,0.09090909090909091,0.8228357380688125,0.13730288200108756,0.0012264957854864495,0.0,0.07710643590009328,0.20918367346938777,0.6128297502969549,2
0.7310443490701002,0.8681067608266695,0.4545454545454546,0.7418146503884573,0.04350190320826537,0.045695275869526215,0.010796943231441047,0.200953466680485,0.9659863945578232,0.43960397331975837,2
0.1759656652360515,0.953266175096064,0.36363636363636365,0.9172678505364411,0.12398042414355628,0.0073615309775820715,2.2489082969432315e-06,0.2247901336926106,0.2729591836734694,0.26417877328321,2
0.7668097281831188,0.495274691037491,0.4545454545454546,0.7077321494635591,0.03181076672104406,0.1871078370473303,0.00024890829694323145,0.1698621618820603,0.6598639455782315,0.37990627977705554,2
0.7253218884120172,0.9408038217883479,0.6363636363636364,0.8892896781354052,0.0878194671016857,0.17483776666313908,0.0,0.052440667426676336,0.7470238095238096,0.4300361566876821,0
0.7725321888412018,0.7902170526534429,0.36363636363636365,0.7045412504624492,0.10848287112561175,0.3353711875229745,0.0,0.32635506270079806,0.9330357142857145,0.3308859041129864,2
0.7153075822603718,0.5181223387683042,0.5454545454545454,0.6295320014798373,0.03452963567156064,0.09763857382926913,0.3700873362445415,0.13462534977717897,0.7629676870748301,0.5791661771808227,0
0.5221745350500715,0.7414061688648874,0.0,0.7992508324084351,0.2849374660141381,0.029130680850868035,0.0,0.08902476940615608,0.43771258503401367,0.28031875318165805,2
0.8226037195994278,0.588742340845363,1.0,0.6793840177580467,0.024197933659597604,0.4447793151153464,4.5305676855895195e-06,0.3336097004870971,0.7300170068027212,0.4299904713422355,0
0.7024320457796851,0.7341364627687196,0.7272727272727273,0.7730299667036626,0.01685698749320283,0.07882446590684257,0.0021615720524017466,0.10975230593843921,0.6768707482993199,0.4300557361214448,0
1.0,0.6084744002492471,0.9090909090909092,0.8525249722530522,0.18515497553017946,0.021564137447283437,3.504366812227074e-05,0.006840087055653435,0.9426020408163267,0.4689143856626334,0
0.5622317596566524,0.9615744106345415,0.09090909090909091,0.7930540140584537,0.23599782490483961,0.07575694831079476,0.0009072052401746725,0.37817390403150586,0.5525085034013607,0.7270104815235412,2
0.3705293276108727,0.9688441167307094,0.36363636363636365,0.8423510913799483,0.14491571506253398,0.00047904399791613304,0.2172489082969432,0.2838636128096176,0.7034438775510204,0.5990393024500398,2
0.6108726752503577,0.9605358811922319,0.0,0.9532463928967815,0.046492659053833624,0.010060946462104144,0.0,0.028811275779873566,0.6003401360544218,0.61265353539309,2
0.7567954220314737,0.8649911724997404,0.7272727272727273,0.8987236403995562,0.07748776508972266,0.012668336418744782,0.0,0.3698828894185926,0.9351615646258505,0.5929762044615006,0
0.7911301859799715,0.8203344064804238,0.0,0.924898261191269,0.19331158238172919,0.00796480943813814,2.2707423580786024e-06,0.2227173800393823,0.7204506802721089,0.4563443891869315,2
0.9685264663805437,0.575241458095337,1.0,0.8269977802441733,0.09624796084828713,0.003240832340224512,0.0,0.047362420976266965,0.8267431972789117,0.4497004346634296,0
0.9284692417739628,0.6655935195762801,1.0,0.8996022937476879,0.13485589994562264,0.04344576296575783,0.0,0.23100839465229553,0.7650935374149661,0.4432196420879509,0
0.8125894134477827,0.9324955862498704,0.18181818181818182,0.9838142804291529,0.11963023382272975,0.06655439552265133,0.0,0.09006114623277023,0.8522534013605443,0.4492631606427277,2
0.8297567954220315,0.7330979333264098,0.36363636363636365,0.7834350721420644,0.061990212071778156,0.06287337440739395,0.0,0.07731371126541609,0.23256802721088438,0.475754134523763,2
0.65379113018598,0.3862290995949736,0.36363636363636365,0.6503422123566408,0.07993474714518761,0.9335371187522975,0.0012336244541484714,0.09006114623277023,0.8968962585034015,0.2827857618357677,1
0.48068669527896996,0.575241458095337,0.7272727272727273,0.6706899741028488,0.1277868406742795,0.197332895700823,1.561135371179039e-05,0.09524303036584103,0.2708333333333333,0.3631005991306732,0
0.4463519313304721,0.8234499948073528,0.4545454545454546,0.8824916759156494,0.05193039695486677,0.00036963587032376113,0.0,0.36055549797906516,0.5174319727891158,0.312167965435773,2
0.6080114449213161,0.9366497040191091,0.18181818181818182,0.8580743618201999,0.16231647634584015,0.02729017029323935,0.0,0.07617369675614052,0.8937074829931975,0.6001944890420436,2
0.3562231759656653,0.7600996988264618,0.09090909090909091,0.8252867184609695,0.02120717781402938,0.0210528845146088,0.0,0.12529795833765156,0.4015731292517007,0.3186683374450145,2
0.43490701001430615,0.692595285076332,0.7272727272727273,0.8329633740288569,0.02528548123980426,0.005592595830527833,1.3864628820960698e-05,0.6797595605762256,0.05102040816326531,0.39658795734294044,0
0.7653791130185981,0.4776196905182263,0.0,0.6205604883462821,0.05709624796084829,0.8394665791401646,0.0,0.05865892838636127,0.5025510204081634,0.3122332302149822,1
0.6523605150214593,0.6406688129608475,0.5454545454545454,0.7890307066222717,0.03752039151712888,0.1318925203184697,0.0,0.09213389988599854,0.490858843537415,0.4168330918536503,0
0.603719599427754,0.6967494028455707,0.9090909090909092,0.8565482796892343,0.0,0.14723010829870875,0.0,0.06052440667426676,0.4802295918367347,0.2604064690449153,0
0.8311874105865522,0.6261294007685119,0.09090909090909091,0.7752034776174622,0.03289831430125069,0.12166746166497698,4.6179039301310036e-05,0.057208000829101456,0.8331207482993198,0.45556121183642045,2
0.4177396280400572,0.49423616159518124,0.0,0.6816037735849056,0.036432843936922255,0.4723869734797767,0.0,0.24344491657166548,0.6205357142857144,0.5893670621712288,2
0.7739628040057225,0.48385086717208436,0.9090909090909092,0.6182019977802443,0.04377379010331703,0.02043938099539924,0.009814410480349343,0.1387708570836356,0.5280612244897961,0.4267924971609823,0
0.5221745350500715,0.9106864679613669,0.5454545454545454,0.7114779874213837,0.08102229472539424,0.018394369264700696,0.0013646288209606986,0.07016271116177841,0.8894557823129253,0.19760869848977308,0
0.7510729613733906,0.7112888150379064,0.4545454545454546,0.7942101368849428,0.013594344752582935,0.14825261416405802,0.12554585152838427,0.07306456627629807,0.9840561224489798,0.4819216561590373,2
0.69241773962804,0.7123273444802161,0.0,0.7179522752497226,0.020391517128874395,0.23005308339199965,0.0,0.09835216084568349,0.8883928571428573,0.4633864588636098,2
0.6323319027181689,0.8255270536919722,0.4545454545454546,0.5606270810210877,0.030995106035889078,0.06767915197453551,0.0029694323144104804,0.19680795937402837,0.7629676870748301,0.5341791648718854,2
0.709585121602289,0.8816076435766955,1.0,0.5652053274139845,0.08863512778684068,0.0721781777820723,5.283842794759825e-06,0.07213182713234531,0.956420068027211,0.606016107347509,0
0.7339055793991416,0.9491120573268252,0.7272727272727273,0.5179430262671106,0.036432843936922255,0.11757743820357991,4.137554585152838e-05,0.0859156389263136,0.9298469387755104,0.3862043309707484,0
0.7181688125894135,0.8037179354034688,0.5454545454545454,0.8382352941176472,0.023382272974442647,0.2249405540652533,0.0006572052401746724,0.3356824541403254,0.7289540816326532,0.432300844526243,0
0.6623748211731044,0.36130439297954103,0.8181818181818182,0.22932852386237523,0.02202283849918435,0.2627732710831763,8.744541484716156e-05,0.023836667012125605,0.7363945578231293,0.2518176241009777,0
0.5894134477825466,0.5690102814414789,0.0,0.5147058823529412,0.04921152800435019,0.2770883531980661,0.0,0.036895015027463986,0.9117772108843539,0.1789168657242433,2
0.5135908440629471,0.953266175096064,0.5454545454545454,0.6951072881982983,0.03942359978249049,0.031891446687311066,0.10534934497816593,0.537775935330086,0.9840561224489798,0.4834357990366919,0
0.5851216022889842,0.5274691037490914,0.2727272727272727,0.5321402145763967,0.11120174007612835,0.09109453629103381,4.410480349344978e-06,0.016996579956472177,0.8458758503401361,0.683491926746812,2
0.7081545064377681,0.8317582303458304,0.9090909090909092,0.7327044025157234,0.0269168026101142,0.03291395255266034,0.006866812227074234,0.15949839361591872,0.9627976190476192,0.3226038036313323,0
0.9427753934191703,0.5108526326721363,1.0,0.4532463928967815,0.17210440456769982,0.004651890434406504,0.00037008733624454144,0.06352989947144783,0.878826530612245,0.5156831264439834,0
0.5779685264663805,0.6749402845570673,0.8181818181818182,0.3250092489826121,0.042414355628058745,0.02391590093758676,1.0917030567685589e-05,0.022800290185511454,0.8968962585034015,0.6260458680868284,0
0.7939914163090129,0.7808702876726556,0.4545454545454546,0.7441268960414356,0.033170201196302346,0.2873134118515588,0.8624454148471615,0.1128614364182817,0.9457908163265308,0.4587918184072784,2
0.8683834048640915,0.42880880672967087,0.0,0.39312800591934893,0.028276237085372496,0.2208505306038562,0.0005087336244541484,0.05554979790651881,0.5450680272108845,0.3578533108822494,2
0.5550786838340487,0.8764149963651471,0.9090909090909092,0.5111450240473548,0.034801522566612286,0.011850331726465367,0.18886462882096067,0.04425329049642449,0.9617346938775512,0.3639686206941563,0
0.7167381974248928,0.829681171461211,0.09090909090909091,0.6566315205327415,0.05736813485589995,0.21164797781571276,0.00033515283842794753,0.06601720385532181,0.879889455782313,0.4221586978371253,2
0.4592274678111588,0.8494132308650951,0.5454545454545454,0.7452367739548651,0.10168569874932029,0.064202632032348,0.0009028384279475982,0.0369986527101254,0.15816326530612246,0.41461408936053584,0
0.6752503576537912,0.6780558728839964,0.09090909090909091,0.5306603773584907,0.13920609026644915,0.10530736781938865,0.009039301310043666,0.18540781428127265,0.22512755102040816,0.5027411207267887,2
0.5236051502145922,0.6261294007685119,0.18181818181818182,0.6570477247502776,0.032082653616095705,0.13291502618381898,0.0,0.2548450616644212,0.8118622448979593,0.6460234170027803,2
0.6151645207439198,1.0,0.09090909090909091,0.8315297817240105,0.18461120174007611,0.030868940821961795,1.2663755458515283e-05,0.3584827443258369,0.7268282312925171,0.4165263473913669,2
0.7639484978540774,0.8909544085574828,0.0,0.9065852756196819,0.02365415986949429,0.34048371684972084,8.198689956331876e-06,0.07389366773758937,0.9978741496598641,0.5375990393024501,2
0.6881258941344777,0.6946723439609513,0.5454545454545454,0.7950887902330744,0.0076128330614464446,0.2627732710831763,0.0,0.12737071199087988,0.4706632653061225,0.2930714910391459,0
0.7768240343347639,0.8400664658843079,0.09090909090909091,0.812939326674066,0.05301794453507343,0.3067410232931949,1.932314410480349e-05,0.34190071510001036,0.9085884353741498,0.26705695004633806,2
0.7381974248927039,0.8151417592688754,0.8181818181818182,0.670135035146134,0.044045676998368685,0.5685025248226081,0.0071943231441048035,0.48077520986630734,0.7427721088435375,0.41305426113743465,0
0.6952789699570814,0.8369508775573788,0.8181818181818182,0.7276637069922309,0.01604132680804786,0.16870273147104345,0.0009737991266375545,0.23308114830552387,1.0,0.4683857409510384,0
0.503576537911302,0.8307197009035207,0.18181818181818182,0.754347021827599,0.028548123980424153,0.0007919307927130098,0.0026855895196506545,0.06643175458596745,0.7448979591836736,0.5778217227291123,2
0.6809728183118742,0.5690102814414789,0.4545454545454546,0.49588420273769895,0.00516585100598152,0.3251461288694818,0.03056768558951965,0.29111825059591667,0.7193877551020409,0.3473978932529272,2
0.5207439198855508,0.6531311662685638,0.6363636363636364,0.739733629300777,0.02773246329526917,0.0059197977074396,3.504366812227074e-06,0.06726085604725879,0.3824404761904762,0.44613045124068357,0
0.9012875536480687,0.7985252881919204,0.8181818181818182,0.6834073251942288,0.07857531266992931,0.2249405540652533,0.0,0.033578609182298685,0.9808673469387755,0.5111015389434939,0
0.3204577968526466,0.21694880049849416,0.0,0.4057066222715502,0.03126699293094075,0.5439623840542256,3.1768558951965064e-06,0.055342522541195975,0.29421768707483,0.8859563248097535,1
0.9685264663805437,0.6635164606916607,0.09090909090909091,0.5192378838327785,0.0766721044045677,0.14825261416405802,0.05272925764192139,0.053477044253290494,0.9213435374149662,0.4405242067066088,2
0.8969957081545064,0.796448229307301,0.6363636363636364,0.741213466518683,0.10114192495921698,0.028823929091263252,0.0003275109170305676,0.08798839257954191,0.8246173469387756,0.42948793254232437,0
0.8955650929899857,0.6313220479800603,0.36363636363636365,0.5355623381428044,0.04893964110929855,0.06450938379195278,5.458515283842794e-05,0.29837288838221576,0.9192176870748301,0.45477150800798843,2
0.7653791130185981,0.8421435247689273,0.18181818181818182,0.7657232704402517,0.24959216965742254,0.08219873526249516,0.0,0.37195564307182094,0.8299319727891157,0.38663507851352946,2
0.6309012875536482,0.645861460172396,0.8181818181818182,0.7088420273769886,0.05709624796084829,0.003977036563275986,0.17576419213973798,0.045082391957715816,0.38881802721088443,0.46263591390270337,0
0.7882689556509299,0.6998649911724998,0.0,0.7990196078431373,0.017672648178357814,0.20653544848896643,0.0001430131004366812,0.43310187584205617,0.9224064625850342,0.2533970317578416,2
0.8011444921316166,0.8712223491535986,1.0,0.780521642619312,0.022294725394236006,0.10326235608869012,0.0,0.14187998756347808,0.9053996598639458,0.3646604273537743,0
0.9470672389127326,0.6998649911724998,0.4545454545454546,0.8084535701072884,0.05899945622620992,0.2505032006989851,7.379912663755457e-06,0.03492589905689709,0.7300170068027212,0.47534296641474466,2
0.4520743919885551,0.889915879115173,0.4545454545454546,0.9242045874953756,0.03398586188145733,0.11041989714613501,1.2008733624454148e-06,0.0475696963415898,0.3824404761904762,0.4294814060644034,2
0.6552217453505007,0.7891785232111331,0.36363636363636365,0.8163614502404737,0.01794453507340947,0.10029708907917724,0.021615720524017466,0.42377448440252874,0.5418792517006804,0.44927621359856945,2
0.6180257510729614,0.8587599958458824,0.09090909090909091,0.6892341842397338,0.02800435019032084,0.024836156216401097,1.986899563318777e-06,0.02549486993470826,0.8012329931972791,0.4488128336661838,2
0.9427753934191703,0.5326617509606398,0.18181818181818182,0.3163152053274141,0.9157150625339858,0.24743568310293723,1.910480349344978e-05,0.3014820188620583,0.7884778911564627,0.6800198404928799,2
0.25751072961373395,0.3249558624987019,0.9090909090909092,0.5997502774694785,0.02365415986949429,0.666663087896138,4.072052401746724e-06,0.23100839465229553,0.46641156462585037,0.8068749918419027,1
0.4849785407725323,0.8255270536919722,0.7272727272727273,0.7535608583055865,0.15307232191408376,0.26686329454457336,0.0,0.28489998963623175,0.950042517006803,0.4181775463053609,0
0.4506437768240344,0.7652923460380103,0.36363636363636365,0.6637994820569738,0.028276237085372496,0.03148244434117136,0.0,0.043942377448440255,0.8947704081632655,0.48250251269399963,2
0.898426323319027,0.5025443971336588,0.0,0.4326211616722162,0.08319738988580752,0.4774995028065231,4.475982532751091e-06,0.019172971292361903,0.9670493197278912,0.552009502551853,2
0.748211731044349,0.8089105826150172,1.0,0.7122641509433962,0.06280587275693314,0.17586027252848832,0.00030567685589519646,0.04497875427505441,0.9755527210884355,0.3475284228113457,0
0.463519313304721,0.7310208744417905,0.9090909090909092,0.7483814280429154,0.06307775965198478,0.39058650425183505,0.0,0.3533008601927661,0.5907738095238096,0.4427301562438815,0
0.805436337625179,0.6541696957108735,0.2727272727272727,0.5633092859785425,0.0353452963567156,0.15541015522150292,0.002150655021834061,0.04497875427505441,0.9893707482993198,0.42822179582566483,2
0.5965665236051503,0.7279052861148614,1.0,0.537412134665187,0.05492115280043504,0.016144856360932304,0.00018449781659388644,0.03876049331536947,0.49723639455782315,0.4621464280586339,0
0.6509298998569386,0.46723439609512935,0.09090909090909091,0.6561690714021459,0.04758020663404025,0.6574605351079945,0.0,0.10042491449891178,0.642857142857143,0.5811241205571003,1
0.6552217453505007,0.7922941115380623,0.18181818181818182,0.740057343692194,0.009244154431756399,0.09037878218528933,0.06855895196506549,0.2828272359830034,0.6758078231292519,0.3728119982770099,2
0.40200286123032897,0.4755426316336069,0.8181818181818182,0.6269422863485018,0.008972267536704742,0.4294417271351073,0.0030567685589519646,0.21857187273292566,0.31228741496598644,0.5396614063254626,1
0.38912732474964234,0.8753764669228373,0.8181818181818182,0.7183684794672587,0.044589450788472,0.024222652697191534,8.679039301310042e-05,1.0,0.9798044217687075,0.8796452206602188,0
0.7324749642346209,0.5150067504413751,0.6363636363636364,0.4881150573436923,0.016313213703099516,0.7208558987596493,0.39301310043668114,0.19577158254741422,0.8331207482993198,0.3388612601323571,1
0.8755364806866952,0.4433482189220065,0.09090909090909091,0.6116814650388458,0.02882001087547581,0.5552099485730676,0.0032096069868995628,0.04798424707223547,0.7448979591836736,0.41291067862317427,2
0.5822603719599428,0.8421435247689273,0.6363636363636364,0.8497502774694785,0.048123980424143564,0.08056272587793632,0.0,0.6165405741527619,0.8905187074829933,0.44948506089203905,0
0.8011444921316166,0.8587599958458824,0.36363636363636365,0.7772844987051426,0.03752039151712888,0.21880551887315766,8.034934497816593e-05,0.04891698621618821,0.879889455782313,0.4845191943715655,2
0.6509298998569386,0.8442205836535467,0.0,0.7990658527561969,0.01196302338227298,0.2044904367582679,0.0001932314410480349,0.05503160949321174,0.7576530612244899,0.38280403597394635,2
0.6852646638054365,0.8587599958458824,1.0,0.8085923048464669,0.02963567156063078,0.10632987368473792,0.00945414847161572,0.03575500051818841,0.7725340136054423,0.4950137708684132,0
0.46781115879828333,0.7175199916917645,0.36363636363636365,0.832315945246023,0.05138662316476346,0.33332617579227597,0.0,0.656959270390714,0.9160289115646261,0.2626581039276345,2
0.5250357653791129,0.5503167514799046,0.36363636363636365,0.7180910099889013,0.05736813485589995,0.10530736781938865,1.4192139737991265e-06,0.08902476940615608,0.4940476190476191,0.26906710524598304,2
0.2804005722460658,0.8276041125765916,0.36363636363636365,0.7272937476877545,0.04893964110929855,0.0274946714663092,7.259825327510916e-05,0.08384288527308528,0.2612670068027211,0.6818798867003435,2
0.540772532188841,0.7009035206148094,0.0,0.622687754347022,0.03289831430125069,0.06021485915748585,0.0013646288209606986,0.006943724738314852,0.9117772108843539,0.6076868856952657,2
0.5364806866952789,0.9138020562882959,0.18181818181818182,0.7811228264890864,0.13349646547036434,0.10060384083878202,0.0002074235807860262,0.035444087470204166,0.644982993197279,0.7821853258670428,2
0.5865522174535049,0.6468999896147056,0.18181818181818182,0.736450240473548,0.012234910277324637,0.004242888088266797,0.07292576419213972,0.1512073790030055,0.32610544217687076,0.494596076281474,2
0.7410586552217453,0.44023263059507745,0.0,0.6389659637439883,0.01196302338227298,0.49794962011350846,1.4628820960698688e-06,0.05938439216499119,0.2708333333333333,0.4976700473822298,1
0.6995708154506437,0.6687091079032091,0.5454545454545454,0.4763226045135036,0.044589450788472,0.041298500648524354,0.009792576419213973,0.04176598611255052,0.47491496598639454,0.3548576575165447,0
0.29899856938483543,0.3654585107487798,0.2727272727272727,0.6611635220125787,0.010603588907014697,0.644167958858454,0.00022052401746724888,0.0859156389263136,0.36543367346938777,0.2853376147028495,1
0.6580829756795423,0.24395056599854606,0.6363636363636364,0.4054291527931928,0.07640021750951603,0.4631844206916333,0.0,0.03834594258472381,0.3494897959183674,0.4260615316338386,1
0.5379113018597996,0.3550732163256829,0.5454545454545454,0.6189881613022569,0.023382272974442647,0.5623674896305124,1.5065502183406112e-05,0.058762566069022686,0.5833333333333334,0.43101512837582073,1
0.24749642346208872,0.0,0.9090909090909092,0.18012393636699975,0.023110386079390977,0.9560322477899815,0.0011899563318777291,0.07658824748678619,0.14221938775510207,0.20776389813473267,1
0.6552217453505007,0.8618755841728114,0.8181818181818182,0.8311135775064744,0.014410005437737905,0.18301781358593322,1.3100436681222704e-06,0.07627733443880194,0.8118622448979593,0.46667580373575607,0
0.14449213161659513,0.6479385190570154,0.6363636363636364,0.6487698853126157,0.029363784665579137,0.016144856360932304,0.006451965065502183,0.35433723701938025,0.28996598639455784,0.7360627063998644,0
0.4992846924177397,0.7424446983071971,0.5454545454545454,0.556048834628191,0.1731919521479065,0.001829774246042519,0.4606986899563318,0.12737071199087988,0.8097363945578233,0.3931876623461384,0
0.5150214592274678,0.7528299927302939,0.18181818181818182,0.6525157232704404,0.06090266449157153,0.07473444244544548,0.0,0.09938853767229763,0.3909438775510204,0.14153320019318372,2
0.4234620886981402,0.9127635268459862,0.5454545454545454,0.7473177950425454,0.42088091353996737,0.36400135175275405,0.1320960698689956,0.11907969737796664,0.7789115646258505,0.8006291524715774,0
0.7381974248927039,0.8992626440959602,1.0,0.7031539030706624,0.20473083197389885,0.003506683865215322,5.152838427947598e-05,0.28489998963623175,0.8278061224489797,0.31906645259819094,0
0.6580829756795423,0.7320594038841002,0.9090909090909092,0.7325656677765446,0.03371397498640566,0.23005308339199965,0.0,0.16882578505544615,0.9085884353741498,0.24745141037187884,0
0.2918454935622317,0.8483747014227854,0.36363636363636365,0.7490288568257493,0.1416530723219141,0.11757743820357991,0.014519650655021832,0.05047155145610944,0.36437074829931976,0.5116758690005352,2
0.14163090128755362,0.42361615951812237,0.09090909090909091,0.5996115427302997,0.013050570962479621,0.3967215394439307,9.912663755458513e-05,0.3180640480878848,0.19642857142857145,0.6968059417054995,1
0.4549356223175966,0.6385917540762281,0.9090909090909092,0.769931557528672,0.06253398586188147,0.37320390454089747,1.4192139737991265e-06,0.0732718416416209,0.6194727891156464,0.41115505606244546,0
0.34334763948497854,0.6915567556340223,0.6363636363636364,0.7429707732149464,0.01196302338227298,0.2924259411783051,0.0012117903930131005,0.9533630428023628,0.6311649659863947,0.22648183681194606,0
0.2761087267525036,0.36961262851801857,0.18181818181818182,0.7198020717721052,0.008700380641653085,0.715743369432903,0.0,0.10042491449891178,0.2017431972789116,0.13914450927412514,1
0.4606580829756796,0.5575864575760724,0.36363636363636365,0.4626803551609323,0.04540511147362697,0.6267853591475164,1.4956331877729255e-06,0.24033578609182296,0.6991921768707484,0.436928117372179,1
0.07010014306151646,0.3249558624987019,0.36363636363636365,0.4680447650758418,0.03126699293094075,0.7525535805854767,0.0,0.23515390195875222,0.5365646258503403,1.0000000000000002,1
0.7668097281831188,0.495274691037491,0.4545454545454546,0.7077321494635591,0.03181076672104406,0.1871078370473303,0.00024890829694323145,0.1698621618820603,0.6598639455782315,0.37990627977705554,2
0.7510729613733906,0.7279052861148614,0.6363636363636364,0.763457269700333,0.03507340946166396,0.38751898665578727,2.816593886462882e-06,0.46212042698725253,0.9309098639455784,0.43518554776729196,0
0.2732474964234621,0.22214144771004257,0.6363636363636364,0.27284498705142435,0.044861337683523655,0.5695250306879573,0.00022161572052401744,0.09938853767229763,0.11458333333333333,0.7328255733510856,1
0.47925608011444926,0.8774535258074567,0.8181818181818182,0.763457269700333,0.05057096247960849,0.3660463634834526,0.0010251091703056766,0.7947973883303969,0.759778911564626,0.30459072456957886,0
0.7868383404864092,0.6095129296915568,0.0,0.5373658897521273,0.09679173463839044,0.2873134118515588,0.0031441048034934497,0.07285729091097523,0.8320578231292518,0.3446698254819804,2
0.7696709585121602,0.7632152871533909,0.18181818181818182,0.7868109507954126,0.21968461120174004,0.03495896428335888,2.3799126637554583e-05,0.2952637579023733,0.9170918367346941,0.4884546605578834,2
0.8798283261802575,0.7455602866341262,0.0,0.41819274879763235,0.020119630233822752,0.005705071475716254,0.0334061135371179,0.04725878329360555,0.9851190476190478,0.43294696584041464,2
0.7310443490701002,0.5420085159414271,0.9090909090909092,0.4547262301146875,0.03262642740619903,0.06941741194562928,3.198689956331877e-06,0.21131723494662658,0.5471938775510206,0.44112464267533397,0
0.5736766809728182,0.7808702876726556,0.36363636363636365,0.7156400295967444,0.06661228928765633,0.08812926928152093,1.2663755458515283e-05,0.2620996994507203,0.8639455782312926,0.4469201550691155,2
0.5021459227467813,0.46515733721050995,0.4545454545454546,0.7080558638549761,0.01005981511691137,0.45602687963418836,0.001539301310043668,0.13358897295056482,0.3803146258503402,0.43788098314863416,1
0.4620886981402003,0.4734655727489875,0.36363636363636365,0.5232149463559009,0.09733550842849376,0.7147208635675536,0.0,0.06124987045289667,0.4802295918367347,0.5502865123807286,1
0.35479256080114446,0.21591027105618446,0.7272727272727273,0.48043840177580477,0.0035345296356715655,0.44273430338464786,7.008733624454148e-05,0.0297440149238263,0.4090136054421769,0.13731709545626614,1
0.178826895565093,0.2647211548447399,0.09090909090909091,0.4695246022937478,0.02120717781402938,0.43659926819255224,2.0524017467248906e-06,0.10871592911182507,0.2517006802721089,0.5008549686076413,1
0.7052932761087267,0.9543047045383737,0.36363636363636365,0.926609322974473,0.05791190864600326,0.07718845652228373,0.0,0.5968494144470928,0.800170068027211,0.4885656106825392,2
0.6623748211731044,0.7133658739225257,0.18181818181818182,0.703292637809841,0.0636215334420881,0.4386442799232508,0.0,0.08073375479324282,0.449404761904762,0.38944146401952734,2
0.7882689556509299,0.856682936961263,0.36363636363636365,0.7337680355160934,0.047852093529091894,0.4662519382876811,1.8777292576419213e-06,0.47973883303969317,0.9819302721088438,0.6205179412878048,2
0.3190271816881259,0.7247896977879323,0.7272727272727273,0.7924528301886793,0.08863512778684068,0.14825261416405802,0.0,0.36159187480567934,0.16028911564625853,0.4960580073357613,0
0.34620886981402005,0.9231488212690832,0.18181818181818182,0.8149741028486868,0.09923871669385537,0.031175692581566574,1.5502183406113533e-05,0.1315162192973365,0.9192176870748301,0.7071634621660077,2
0.8011444921316166,0.8348738186727594,0.4545454545454546,0.8284313725490198,0.019303969548667768,0.09855882910808347,3.187772925764192e-05,0.07451549383355788,0.9808673469387755,0.42186500633068363,2
0.7954220314735336,0.6240523418838925,0.0,0.6820662227155014,0.012506797172376294,0.4672744441530304,6.932314410480349e-06,0.1822986838014302,0.9798044217687075,0.41903904139092313,2
0.22174535050071525,0.7175199916917645,0.36363636363636365,0.8413799482056975,0.038336052202283866,0.5623674896305124,0.0,0.09317027671261272,0.35374149659863946,0.8175914685880621,1
0.10586552217453499,0.5201993976529236,0.8181818181818182,0.8006844247132816,0.025829255029907572,0.6308753826089135,0.0,0.03523681210488133,0.680059523809524,0.8582579525133469,1
0.3791130185979971,0.6001661647107696,0.7272727272727273,0.7760358860525343,0.013322457857531278,0.18915284877802885,0.00010087336244541483,0.5605762255155974,0.3324829931972789,0.5349753951782383,0
0.709585121602289,0.7081732267109773,0.0,0.7257214206437292,0.021479064709081022,0.26788580040992266,4.814410480349344e-06,0.014405637889936783,0.7204506802721089,0.5017621490386499,2
0.899856938483548,0.7538685221726037,0.36363636363636365,0.6834073251942288,0.0367047308319739,0.1247349792610248,0.0,0.03430407296092859,0.9829931972789118,0.43115218441216024,2
0.7181688125894135,0.6230138124415828,0.0,0.6675915649278581,0.04350190320826537,0.49999463184420695,0.0,0.42895636853559954,0.8235544217687075,0.34906214512276307,2
0.7725321888412018,0.9324955862498704,0.36363636363636365,0.918331483536811,0.089178901576944,0.08189198350289038,0.0,0.412374339309773,0.7629676870748301,0.506624375089739,2
0.6580829756795423,0.6770173434416867,0.36363636363636365,0.6188956714761378,0.008972267536704742,0.5541874427077182,5.131004366812226e-05,0.3481189760596953,0.8203656462585036,0.31505266867682186,2
0.5851216022889842,0.5129296915567557,0.9090909090909092,0.5369959304476509,0.044045676998368685,0.29856097637040074,0.0,0.3999378173904031,0.6938775510204083,0.4386837399329078,0
0.40200286123032897,0.8743379374805277,0.36363636363636365,0.8758786533481318,0.0269168026101142,0.5010171377095562,0.0,0.13358897295056482,0.5525085034013607,0.5088629570166165,2
0.369098712446352,0.3529961574410635,0.0,0.4801146873843878,0.014681892332789576,0.38240645732904094,0.0,0.08280650844647114,0.3069727891156463,0.21216274425343623,1
0.542203147353362,0.4007685117873092,1.0,0.7132352941176472,0.04921152800435019,0.6462129705891526,0.0,0.19058969841434342,0.16879251700680276,0.5207933586560678,1
0.26609442060085836,0.5274691037490914,0.36363636363636365,0.6185257121716612,0.04105492115280045,0.4846570438639679,1.5502183406113535e-06,0.17089853870867447,0.40688775510204084,0.5274764720470952,1
0.4206008583690987,0.43815557171045805,0.36363636363636365,0.702552719200888,0.010875475802066353,0.8312865322173705,0.0,0.08695201575292777,0.4791666666666667,0.3672579655663026,1
0.5107296137339055,0.6697476373455189,0.8181818181818182,0.7787643359230485,0.03425774877650897,0.09845657852154854,1.7358078602620086e-06,0.09524303036584103,0.3994472789115646,0.44306300661784875,0
0.3319027181688126,0.5108526326721363,0.0,0.7244265630780615,0.03153887982599239,0.3609338341567062,0.0,0.31599129443465646,0.47597789115646266,0.35953061570792705,2
0.5507868383404864,0.4121923356527158,0.0,0.5657602663706993,0.008700380641653085,0.21471549541176058,0.05622270742358078,0.09731578401906932,0.2931547619047619,0.49631253997467745,2
0.2002861230329041,0.15671409284453214,0.4545454545454546,0.21938586755456913,0.0255573681348559,0.882411825484834,0.0,0.3242823090475697,0.37925170068027214,0.6806006970278422,1
0.05865522174535048,0.5534323398068336,0.4545454545454546,0.7827413984461711,0.024741707449700945,0.5736150541493544,0.002096069868995633,0.273499844543476,0.46534863945578236,0.15345054887679316,1
0.26037195994277545,0.6375532246339185,0.8181818181818182,0.8267665556788755,0.014681892332789576,0.6237178415514686,0.0,0.1294434656441082,0.139030612244898,0.11790082364151366,1
0.34907010014306156,0.6541696957108735,1.0,0.5710784313725492,0.058455682436106576,0.0024637278825590664,0.6299126637554584,0.13047984247072233,0.17623299319727892,0.5381668428815705,0
0.35193133047210307,0.8359123481150691,0.36363636363636365,0.6954772475027748,0.26046764545948886,0.33230366992692667,0.0,0.1460254948699347,0.5928996598639457,0.37839213689940093,2
0.38197424892703863,0.7476373455187455,0.18181818181818182,0.6040048094709582,0.14573137574768896,0.375248916271596,5.851528384279475e-06,0.34708259923308116,0.3069727891156463,0.33142760178042324,2
0.21316165951359084,0.2211029182677329,0.18181818181818182,0.40968368479467265,0.03969548667754215,0.6451904647238033,0.0,0.3533008601927661,0.26445578231292516,0.3595501951416899,1
0.6065808297567954,0.9408038217883479,0.5454545454545454,0.8485016648168703,0.060087003806416545,0.23312060098804746,0.0,0.0369986527101254,0.9606717687074832,0.27086188667423744,0
0.1273247496423462,0.4828123377297747,0.0,0.7899093599704033,0.1147362697117999,0.40081156290532777,0.0,0.26728158358379106,0.16666666666666669,0.13294435524924625,1
0.17024320457796854,0.8764149963651471,0.7272727272727273,0.8619126896041437,0.04350190320826537,0.4294417271351073,3.0567685589519645e-05,0.6579956472173282,0.6598639455782315,0.19749122188719642,0
0.48068669527896996,0.4610032194412712,0.4545454545454546,0.6585275619681836,0.027460576400217512,0.4335317505965044,0.0,0.16675303140221784,0.5153061224489797,0.1723969142812391,1
0.3605150214592275,0.7787932287880363,0.0,0.7605438401775806,0.15769439912996192,0.49181458492141283,3.209606986899563e-06,0.03202404394237745,0.5078656462585035,0.11908864262312202,2
0.5536480686695278,0.9273029390383218,0.18181818181818182,0.872040325564188,0.08809135399673737,4.672851804646165e-05,0.0,0.06840087055653435,0.6003401360544218,0.4099019723016278,2
0.2804005722460658,0.6967494028455707,1.0,0.7616537180910101,0.05872756933115825,0.41001411569347124,0.0,0.1076795522852109,0.34098639455782315,0.821703149678245,0
0.39055793991416304,0.37999792294111545,0.18181818181818182,0.5729282278949317,0.015225666122892889,0.19528788397012445,1.0524017467248906e-05,0.1822986838014302,0.33779761904761907,0.23335421806268036,1
0.2932761087267524,0.1214040918060027,0.8181818181818182,0.3701442841287459,0.048123980424143564,0.7760712154885099,3.4825327510917028e-06,0.12115245103119493,0.13265306122448983,0.45263082324992504,1
0.21030042918454933,0.538892927614498,0.18181818181818182,0.7247502774694785,0.028276237085372496,0.8190164618331793,0.01168122270742358,0.11700694372473833,0.28677721088435376,0.4937672135855165,1
0.4177396280400572,0.46931145497974874,0.7272727272727273,0.6150110987791344,0.0005437737901033274,0.03557246780256844,0.00010720524017467248,0.25380868483780705,0.4238945578231293,0.700428136951613,0
0.4935622317596567,0.6645549901339705,0.4545454545454546,0.8450795412504626,0.009787928221859712,0.12575748512637408,5.2401746724890826e-05,0.09835216084568349,0.3059098639455783,0.5596520081972562,2
0.6838340486409156,0.5295461626337108,0.18181818181818182,0.7099519052904182,0.01033170201196304,0.29753847050505144,0.00015938864628820958,0.10457042180536844,0.5014880952380953,0.5859537142185849,2
0.6080114449213161,0.7985252881919204,0.18181818181818182,0.6397521272660008,0.07205002718868952,0.4897695731907143,0.00012336244541484714,0.05731163851176287,0.759778911564626,0.3046494628708672,2
0.5851216022889842,0.5607020459030013,0.36363636363636365,0.5723732889382169,0.015497553017944546,0.5030621494402547,0.0,0.09213389988599854,0.44834183673469397,0.6126992207385364,1
0.5121602288984262,0.4620417488835809,0.6363636363636364,0.7249815020347763,0.020391517128874395,0.753576086450826,0.0,0.08695201575292777,0.2687074829931973,0.16823954784560974,1
0.4892703862660945,0.5503167514799046,0.36363636363636365,0.9119034406215317,0.01196302338227298,0.7310809574131419,0.0,0.07762462431340036,0.19430272108843538,0.4041325658195299,1
